COUNTRY,YEAR,Instability_Index_lag1_Predicted,Best_EWS_Model,Crisis_Probability,Risk_Level,Early_Warning_Flag,GDP_Growth,Instability_Index,Instability_Index_lag1_IMF_Projection,Stability_Category,Crisis_Flag,Prediction_Correct
"South Sudan, Republic of",2024,92.45517526300422,Extra Trees,0.9701949108459484,High,1,-26.141,91.07743837912234,92.45517526300422,Crisis,1,1
Ukraine,2024,81.99123457975467,Extra Trees,0.9669178430477584,High,1,3.248,74.4419671819259,81.99123457975467,Crisis,1,1
Cabo Verde,2024,95.70927061383571,Extra Trees,0.9364281255797998,High,1,7.244,79.78601561921444,95.70927061383571,Crisis,1,1
Mongolia,2024,84.43609026810867,Extra Trees,0.920470530247536,High,1,5.122,61.93188889293513,84.43609026810867,Crisis,1,1
Sudan,2024,85.97139479723315,Extra Trees,0.9106606910741052,High,1,-23.363,65.93698458765168,85.97139479723315,Crisis,1,1
"Venezuela, República Bolivariana de",2024,72.99268173669604,Extra Trees,0.8746414832190945,High,1,5.298,68.27491251464907,72.99268173669604,Crisis,1,1
"Palau, Republic of",2024,68.00795323519608,Extra Trees,0.8660428000588986,High,1,12.006,89.22797739814234,68.00795323519608,Crisis,1,1
"Bahamas, The",2024,75.69961683914742,Extra Trees,0.8573125493838697,High,1,3.379,57.13416267676581,75.69961683914742,Crisis,1,1
Oman,2024,62.75152641541228,Extra Trees,0.8476889919989409,High,1,1.634,48.73866880192222,62.75152641541228,Unstable,0,0
Lebanon,2024,93.6164960612384,Extra Trees,0.8284539316822975,High,1,-7.5,80.0011180140304,93.6164960612384,Crisis,1,1
Greece,2024,77.94405908841748,Extra Trees,0.820911563386657,High,1,2.087,61.27106063150581,77.94405908841748,Crisis,1,1
Seychelles,2024,61.050632911825815,Extra Trees,0.8197035300606621,High,1,3.351,42.45558001817393,61.050632911825815,Unstable,0,0
Sri Lanka,2024,75.03458563014759,Extra Trees,0.8087417755551995,High,1,5.009,76.74529672085318,75.03458563014759,Crisis,1,1
St. Lucia,2024,80.42884270878399,Extra Trees,0.7993465339325156,High,1,4.688,58.47975308705072,80.42884270878399,Crisis,1,1
"Equatorial Guinea, Republic of",2024,75.64146794259773,Extra Trees,0.7901639866775527,High,1,0.882,51.30152607989533,75.64146794259773,Unstable,0,0
Argentina,2024,72.99545600914723,Extra Trees,0.7801351948243551,High,1,-1.343,71.68648528901508,72.99545600914723,Crisis,1,1
Zambia,2024,66.0379115439647,Extra Trees,0.7759892971040356,High,1,3.82,44.95321063579718,66.0379115439647,Unstable,0,0
Angola,2024,72.72735808187518,Extra Trees,0.7731779552376599,High,1,4.953,52.12139126350135,72.72735808187518,Unstable,0,0
Guyana,2024,67.88689292571131,Extra Trees,0.768527828162511,High,1,43.776,58.34452746609885,67.88689292571131,Crisis,1,1
Kiribati,2024,59.33437081493639,Extra Trees,0.7601420476187178,High,1,4.629,56.00596703461313,59.33437081493639,Crisis,1,1
Montenegro,2024,88.66561871316229,Extra Trees,0.7548401871968597,High,1,3.164,62.24945028910691,88.66561871316229,Crisis,1,1
Suriname,2024,74.2554896604674,Extra Trees,0.7494395885509345,High,1,1.721,61.25395838178373,74.2554896604674,Crisis,1,1
"Croatia, Republic of",2024,76.7029218612741,Extra Trees,0.7489741195923285,High,1,3.827,55.89317648755291,76.7029218612741,Crisis,1,1
Dominica,2024,73.08497180017919,Extra Trees,0.748425086536223,High,1,3.539,56.31312657433716,73.08497180017919,Crisis,1,1
Qatar,2024,65.17452215838844,Extra Trees,0.746787796025003,High,1,2.36,37.80227588502334,65.17452215838844,Unstable,0,0
"Azerbaijan, Republic of",2024,79.38173729428487,Extra Trees,0.7462438880800547,High,1,4.156,57.04020792493214,79.38173729428487,Crisis,1,1
Maldives,2024,68.49442424152835,Extra Trees,0.7385110478458312,High,1,3.072,46.06792959378417,68.49442424152835,Unstable,0,0
Libya,2024,57.840714056991175,Extra Trees,0.7337464627046224,High,1,4.19,54.745704339048906,57.840714056991175,Crisis,1,1
Senegal,2024,67.08393057566538,Extra Trees,0.7183720399503667,High,1,6.143,60.93312669429263,67.08393057566538,Crisis,1,1
"Bahrain, Kingdom of",2024,78.8316940292853,Extra Trees,0.7070186746038966,High,1,2.897,41.965196823756045,78.8316940292853,Unstable,0,0
Ghana,2024,74.56586217179586,Extra Trees,0.6995747458072187,High,1,5.847,71.14156014333906,74.56586217179586,Crisis,1,1
Cyprus,2024,75.36327047557333,Extra Trees,0.6860580048425632,High,1,3.941,52.901626867564026,75.36327047557333,Crisis,1,1
Chile,2024,67.74234699325608,Extra Trees,0.6831858561574407,High,1,2.644,46.12220986906722,67.74234699325608,Unstable,0,0
Hungary,2024,55.8352355115319,Extra Trees,0.6825941237074322,High,1,0.56,45.62519843719463,55.8352355115319,Unstable,0,0
Colombia,2024,56.28553203865153,Extra Trees,0.6689399518375392,High,1,1.493,58.25272238721936,56.28553203865153,Crisis,1,1
Burkina Faso,2024,66.55507160134466,Extra Trees,0.6535023660340332,High,1,4.8,50.06974846911682,66.55507160134466,Unstable,0,0
Chad,2024,56.212987583940446,Extra Trees,0.651310289089619,High,1,5.013,36.770687436180864,56.212987583940446,Unstable,0,0
"Lithuania, Republic of",2024,69.01704851370022,Extra Trees,0.6464704391215575,High,1,2.983,46.23134517236224,69.01704851370022,Unstable,0,0
Kuwait,2024,44.514563200823545,Extra Trees,0.6450996277286833,High,1,-1.474,32.80135061348251,44.514563200823545,Moderate,0,0
Norway,2024,80.64236162208721,Extra Trees,0.6428186782716694,High,1,1.424,60.441168650984295,80.64236162208721,Crisis,1,1
"Mauritania, Islamic Republic of",2024,54.3626521630826,Extra Trees,0.6426168425940854,High,1,6.308,36.08238506019581,54.3626521630826,Unstable,0,0
"Türkiye, Republic of",2024,48.72305830061711,Extra Trees,0.6419371964058772,High,1,3.328,52.43175153550499,48.72305830061711,Unstable,0,0
Lao People's Democratic Republic,2024,75.68006117042215,Extra Trees,0.6370958558967438,High,1,4.299,64.25197293526573,75.68006117042215,Crisis,1,1
Kyrgyz Republic,2024,66.64904727887084,Extra Trees,0.6357978000853933,High,1,11.54,54.08165942927071,66.64904727887084,Crisis,1,1
"Moldova, Republic of",2024,55.42438813829568,Extra Trees,0.6194003792953588,High,1,0.3,39.36935089091373,55.42438813829568,Unstable,0,0
Russian Federation,2024,53.45011391805316,Extra Trees,0.6192299187907588,High,1,4.922,31.494104900555868,53.45011391805316,Moderate,0,0
"Belarus, Republic of",2024,58.32353972721626,Extra Trees,0.6157792623358372,High,1,4.35,33.751959188594185,58.32353972721626,Unstable,0,0
Georgia,2024,61.81830238455154,Extra Trees,0.6095290014148251,High,1,9.68,39.19338921855071,61.81830238455154,Unstable,0,0
Malta,2024,58.05877228027565,Extra Trees,0.6074544295548444,High,1,6.213,44.45720120453433,58.05877228027565,Unstable,0,0
"Armenia, Republic of",2024,62.70716520741416,Extra Trees,0.5978976299962925,Moderate,0,5.857,39.306816163580415,62.70716520741416,Unstable,0,1
Slovak Republic,2024,61.543152477707,Extra Trees,0.5929974635590259,Moderate,0,1.939,39.07273870991583,61.543152477707,Unstable,0,1
Ireland,2024,72.30240885501553,Extra Trees,0.5864812250504203,Moderate,0,2.599,62.66664341793601,72.30240885501553,Crisis,1,0
Nicaragua,2024,54.64930862854587,Extra Trees,0.5804005916219772,Moderate,0,3.581,52.39178518412096,54.64930862854587,Unstable,0,1
Belize,2024,66.03188766122457,Extra Trees,0.5760620698351266,Moderate,0,3.505,45.7937429070738,66.03188766122457,Unstable,0,1
"Congo, Republic of",2024,52.20341240701486,Extra Trees,0.5722207216149503,Moderate,0,2.112,32.9843288650063,52.20341240701486,Moderate,0,1
Saudi Arabia,2024,54.86698828634077,Extra Trees,0.5585713434923955,Moderate,0,2.649,31.79740190883413,54.86698828634077,Moderate,0,1
"Afghanistan, Islamic Republic of",2024,35.42591873822178,Extra Trees,0.5579476312857407,Moderate,0,1.873,39.95847607222888,35.42591873822178,Unstable,0,1
"Mozambique, Republic of",2024,57.61651976483216,Extra Trees,0.5566561820711833,Moderate,0,2.149,39.514544833304825,57.61651976483216,Unstable,0,1
Mauritius,2024,69.02867880668941,Extra Trees,0.5480902890383467,Moderate,0,4.925,44.84502459466248,69.02867880668941,Unstable,0,1
"Lesotho, Kingdom of",2024,57.91103600788857,Extra Trees,0.5456206960993316,Moderate,0,4.9,46.55345638675196,57.91103600788857,Unstable,0,1
Turkmenistan,2024,56.21070032965502,Extra Trees,0.5425890618953408,Moderate,0,3.417,34.3483006642493,56.21070032965502,Unstable,0,1
Myanmar,2024,47.77487379373733,Extra Trees,0.54178355568521,Moderate,0,-0.972,45.540823627713614,47.77487379373733,Unstable,0,1
Portugal,2024,80.9446378864663,Extra Trees,0.5241368896399379,Moderate,0,2.215,47.968329624448565,80.9446378864663,Unstable,0,1
Italy,2024,57.56663069567889,Extra Trees,0.5175599995904397,Moderate,0,0.783,45.68848458650246,57.56663069567889,Unstable,0,1
"Poland, Republic of",2024,64.76060071736832,Extra Trees,0.5161300568319079,Moderate,0,3.028,49.49725982777934,64.76060071736832,Unstable,0,1
Bhutan,2024,50.985322840749376,Extra Trees,0.513883719094444,Moderate,0,6.098,48.53198961739858,50.985322840749376,Unstable,0,1
"Estonia, Republic of",2024,50.5931365124089,Extra Trees,0.5105148853071413,Moderate,0,-0.09,40.60938528684363,50.5931365124089,Unstable,0,1
"Tajikistan, Republic of",2024,50.11615986475742,Extra Trees,0.5022114763767269,Moderate,0,8.417,39.660679937444286,50.11615986475742,Unstable,0,1
"Kazakhstan, Republic of",2024,52.92485181338312,Extra Trees,0.496630484507135,Moderate,0,5.0,34.84110697194593,52.92485181338312,Unstable,0,1
Botswana,2024,57.22880981835572,Extra Trees,0.496310758831518,Moderate,0,-2.99,58.22309444324308,57.22880981835572,Crisis,1,0
"Slovenia, Republic of",2024,64.82937366440002,Extra Trees,0.495909678292395,Moderate,0,1.731,42.61081897507564,64.82937366440002,Unstable,0,1
Albania,2024,55.05978977907645,Extra Trees,0.490546818382518,Moderate,0,4.046,41.53992167200392,55.05978977907645,Unstable,0,1
Burundi,2024,50.38856415442549,Extra Trees,0.4873013857600148,Moderate,0,4.149,63.61375074593912,50.38856415442549,Crisis,1,0
Honduras,2024,52.452230038095486,Extra Trees,0.4842810894210973,Moderate,0,3.554,28.84159065028345,52.452230038095486,Moderate,0,1
Algeria,2024,63.749468760687485,Extra Trees,0.4682697486479133,Moderate,0,3.7,39.31512211109515,63.749468760687485,Unstable,0,1
"Latvia, Republic of",2024,51.20856823033412,Extra Trees,0.4539436326014712,Moderate,0,-0.037,37.76374869589922,51.20856823033412,Unstable,0,1
Malawi,2024,51.07644539677207,Extra Trees,0.4496842969451053,Moderate,0,1.673,46.56640903352169,51.07644539677207,Unstable,0,1
Singapore,2024,60.32967843863199,Extra Trees,0.4484209912070795,Moderate,0,5.344,42.525267202815535,60.32967843863199,Unstable,0,1
Trinidad and Tobago,2024,56.74009588388554,Extra Trees,0.445542159135208,Moderate,0,2.509,44.50063554877831,56.74009588388554,Unstable,0,1
"Netherlands, The",2024,55.78379764410403,Extra Trees,0.424199840591289,Moderate,0,1.08,32.02023586042552,55.78379764410403,Moderate,0,1
Iceland,2024,49.33655167237733,Extra Trees,0.4098455180578653,Moderate,0,-1.283,37.30028763628617,49.33655167237733,Unstable,0,1
Cambodia,2024,48.47916850404569,Extra Trees,0.4098361685063302,Moderate,0,6.02,26.44095216278344,48.47916850404569,Moderate,0,1
Pakistan,2024,43.50341616256714,Extra Trees,0.4075383406117752,Moderate,0,2.634,50.48398382153887,43.50341616256714,Unstable,0,1
El Salvador,2024,79.45748838050996,Extra Trees,0.4043701770117211,Moderate,0,2.602,33.4304362431966,79.45748838050996,Moderate,0,1
"São Tomé and Príncipe, Democratic Republic of",2024,34.490902456635524,Extra Trees,0.3958822322738343,Moderate,0,1.11,48.44570016231851,34.490902456635524,Unstable,0,1
Nepal,2024,50.92941860296878,Extra Trees,0.3855298251786359,Moderate,0,3.665,36.31588329895156,50.92941860296878,Unstable,0,1
Solomon Islands,2024,31.561994966782454,Extra Trees,0.3821367324499629,Moderate,0,2.998,32.44796232087763,31.561994966782454,Moderate,0,1
Denmark,2024,55.52982994345925,Extra Trees,0.3785181345810907,Moderate,0,3.479,39.95573321497957,55.52982994345925,Unstable,0,1
"Kosovo, Republic of",2024,47.82459176358865,Extra Trees,0.37760583047466,Moderate,0,4.572,26.718581211461647,47.82459176358865,Moderate,0,1
West Bank and Gaza,2024,51.5811807230164,Extra Trees,0.3766109299176968,Moderate,0,-22.857,64.00105494005527,51.5811807230164,Crisis,1,0
United Kingdom,2024,52.20152722720697,Extra Trees,0.3730753019641186,Moderate,0,1.088,36.24799267785259,52.20152722720697,Unstable,0,1
Israel,2024,51.25672940994404,Extra Trees,0.3725641832841422,Moderate,0,0.954,37.85313742946231,51.25672940994404,Unstable,0,1
"North Macedonia, Republic of",2024,54.62173320651174,Extra Trees,0.3701573673985503,Moderate,0,2.994,37.75301263304885,54.62173320651174,Unstable,0,1
Spain,2024,68.7977356927852,Extra Trees,0.3664102493346812,Moderate,0,3.455,38.08130195830895,68.7977356927852,Unstable,0,1
Bolivia,2024,42.29843773351413,Extra Trees,0.3648018372498799,Moderate,0,-1.123,41.16351173594775,42.29843773351413,Unstable,0,1
Paraguay,2024,54.977708646231726,Extra Trees,0.3635341066180655,Moderate,0,4.669,31.76848542516105,54.977708646231726,Moderate,0,1
Bosnia and Herzegovina,2024,52.6057850236615,Extra Trees,0.3576177726017896,Moderate,0,3.227,27.721705376353608,52.6057850236615,Moderate,0,1
United Arab Emirates,2024,59.508362258246216,Extra Trees,0.3566751689485515,Moderate,0,3.992,27.53108966031675,59.508362258246216,Moderate,0,1
St. Vincent and the Grenadines,2024,53.90564792342602,Extra Trees,0.3511099916174604,Moderate,0,4.5,43.773291245241815,53.90564792342602,Unstable,0,1
"Serbia, Republic of",2024,43.83639290644548,Extra Trees,0.3484298201990798,Moderate,0,3.95,30.19877881267431,43.83639290644548,Moderate,0,1
Brunei Darussalam,2024,41.17631940853219,Extra Trees,0.3449163702642148,Moderate,0,4.053,33.43756833851491,41.17631940853219,Moderate,0,1
Czech Republic,2024,57.6442797647976,Extra Trees,0.3416690918729116,Moderate,0,1.251,36.87368382534377,57.6442797647976,Unstable,0,1
United States,2024,60.53015857938663,Extra Trees,0.3275874039301923,Moderate,0,2.793,26.752393099572608,60.53015857938663,Moderate,0,1
Thailand,2024,56.53905165797287,Extra Trees,0.3196027174634797,Moderate,0,2.945,20.89602113714985,56.53905165797287,Moderate,0,1
Jamaica,2024,62.71617436067665,Extra Trees,0.3182223837577699,Moderate,0,-0.535,32.61028339196343,62.71617436067665,Moderate,0,1
Guinea,2024,31.522955277715308,Extra Trees,0.310583475501898,Moderate,0,6.073,33.71604966757808,31.522955277715308,Unstable,0,1
Liberia,2024,44.80813965671666,Extra Trees,0.2925015459946753,Low,0,4.014,33.11738536448616,44.80813965671666,Moderate,0,1
"Ethiopia, The Federal Democratic Republic of",2024,37.69979874346247,Extra Trees,0.2897008957131811,Low,0,8.051,39.16388670749239,37.69979874346247,Unstable,0,1
"Eswatini, Kingdom of",2024,43.82999261240252,Extra Trees,0.2814901874196318,Low,0,2.974,21.04202291805044,43.82999261240252,Moderate,0,1
Brazil,2024,55.90599438206021,Extra Trees,0.2767626735948184,Low,0,3.419,22.847320979292213,55.90599438206021,Moderate,0,1
Vietnam,2024,39.70110698212745,Extra Trees,0.2752253965455833,Low,0,6.952,26.3111512122032,39.70110698212745,Moderate,0,1
Gabon,2024,49.19587451225058,Extra Trees,0.2731566933840487,Low,0,3.387,27.399357413108,49.19587451225058,Moderate,0,1
"Hong Kong Special Administrative Region, People's Republic of China",2024,32.08229618787705,Extra Trees,0.2666881391707501,Low,0,2.629,33.7255490486233,32.08229618787705,Unstable,0,1
Austria,2024,45.47710713740714,Extra Trees,0.2660966344144207,Low,0,-0.659,35.829920850473044,45.47710713740714,Unstable,0,1
Costa Rica,2024,51.67005138974056,Extra Trees,0.2647936600109155,Low,0,4.083,25.068417026712467,51.67005138974056,Moderate,0,1
Haiti,2024,38.26992762172797,Extra Trees,0.2530278920118234,Low,0,-4.185,55.71334222627438,38.26992762172797,Crisis,1,0
"Gambia, The",2024,41.62360260865032,Extra Trees,0.2529242330041365,Low,0,5.551,30.351704184931137,41.62360260865032,Moderate,0,1
Belgium,2024,43.98204549202408,Extra Trees,0.2451213600840484,Low,0,1.071,22.40393722816446,43.98204549202408,Moderate,0,1
Sierra Leone,2024,41.24683355912804,Extra Trees,0.2379052518260732,Low,0,4.293,27.567405796680937,41.24683355912804,Moderate,0,1
Luxembourg,2024,42.97882929668986,Extra Trees,0.2364565687840604,Low,0,0.359,25.83966505240874,42.97882929668986,Moderate,0,1
Canada,2024,53.08144948791658,Extra Trees,0.2244508230355122,Low,0,2.046,31.284061387298216,53.08144948791658,Moderate,0,1
Guinea-Bissau,2024,29.857203956788474,Extra Trees,0.2202707892680497,Low,0,4.8,20.802101718103486,29.857203956788474,Moderate,0,1
Nigeria,2024,40.03190210159767,Extra Trees,0.2193787006986101,Low,0,4.071,47.700063627503454,40.03190210159767,Unstable,0,1
Djibouti,2024,28.73886026059276,Extra Trees,0.2178510394540495,Low,0,6.98,22.53859912499703,28.73886026059276,Moderate,0,1
Bulgaria,2024,32.23455148408406,Extra Trees,0.2129614844342778,Low,0,3.387,24.178528747363085,32.23455148408406,Moderate,0,1
Namibia,2024,38.32093195043573,Extra Trees,0.2110937977908028,Low,0,3.712,17.799223438790595,38.32093195043573,Moderate,0,1
Peru,2024,48.47272724810242,Extra Trees,0.2105841931766962,Low,0,3.514,30.951113221947075,48.47272724810242,Moderate,0,1
Dominican Republic,2024,48.21582836557432,Extra Trees,0.2066135327785969,Low,0,4.954,21.16936562217026,48.21582836557432,Moderate,0,1
Ecuador,2024,42.21466232738043,Extra Trees,0.2010413340716072,Low,0,-1.944,39.96064417685875,42.21466232738043,Unstable,0,1
Australia,2024,46.38655133831782,Extra Trees,0.1987557848715701,Low,0,1.004,32.007286609241696,46.38655133831782,Moderate,0,1
Rwanda,2024,37.23779574892373,Extra Trees,0.1947993217407722,Low,0,7.207,21.580424734169725,37.23779574892373,Moderate,0,1
"Egypt, Arab Republic of",2024,34.389746505219115,Extra Trees,0.1868626363549923,Low,0,2.399,40.41185877938866,34.389746505219115,Unstable,0,1
"Comoros, Union of the",2024,33.617989962639264,Extra Trees,0.1802258935769398,Low,0,3.339,24.983142253571657,33.617989962639264,Moderate,0,1
"Iran, Islamic Republic of",2024,44.7197692996429,Extra Trees,0.1718425206700413,Low,0,3.663,28.939304847206877,44.7197692996429,Moderate,0,1
Japan,2024,50.42121569851224,Extra Trees,0.1643881041827524,Low,0,-0.242,39.72295450709556,50.42121569851224,Unstable,0,1
Panama,2024,39.49859381868031,Extra Trees,0.1626361285557462,Low,0,2.748,38.14279329564235,39.49859381868031,Unstable,0,1
Tunisia,2024,37.4049409232006,Extra Trees,0.1620891336209051,Low,0,1.636,31.08659849997593,37.4049409232006,Moderate,0,1
Niger,2024,28.133238477115984,Extra Trees,0.1615256160585095,Low,0,10.3,52.61837077624391,28.133238477115984,Unstable,0,1
Romania,2024,39.10015348159886,Extra Trees,0.1552055991723643,Low,0,0.916,32.6629190490373,39.10015348159886,Moderate,0,1
"Congo, Democratic Republic of the",2024,21.97017058724369,Extra Trees,0.1457697612171879,Low,0,6.064,16.797449685626294,21.97017058724369,Stable,0,1
Papua New Guinea,2024,39.27230254942607,Extra Trees,0.135129356390495,Low,0,3.888,31.020199012394563,39.27230254942607,Moderate,0,1
Morocco,2024,33.344541976750016,Extra Trees,0.132085385170903,Low,0,3.793,26.398070870842208,33.344541976750016,Moderate,0,1
Finland,2024,43.54820670422561,Extra Trees,0.1258217019020767,Low,0,0.375,24.070161032196527,43.54820670422561,Moderate,0,1
Sweden,2024,37.18312252128717,Extra Trees,0.1160629758300948,Low,0,1.018,25.80018151152764,37.18312252128717,Moderate,0,1
Barbados,2024,34.77709019283379,Extra Trees,0.1128495739016694,Low,0,3.367,31.42491998119997,34.77709019283379,Moderate,0,1
"China, People's Republic of",2024,27.951168115596563,Extra Trees,0.1059730917722076,Low,0,5.003,23.02079207432662,27.951168115596563,Moderate,0,1
Mali,2024,27.27666733897008,Extra Trees,0.0934762495383805,Low,0,5.017,19.130625522492924,27.27666733897008,Moderate,0,1
Germany,2024,32.46101694882481,Extra Trees,0.0845938930879704,Low,0,-0.496,20.522454834876555,32.46101694882481,Moderate,0,1
Switzerland,2024,37.88650632987871,Extra Trees,0.0761249153870589,Low,0,1.389,16.616591845093108,37.88650632987871,Stable,0,1
Central African Republic,2024,26.23758222588388,Extra Trees,0.0758275249010379,Low,0,3.099,16.320978823859193,26.23758222588388,Stable,0,1
France,2024,32.25936833962951,Extra Trees,0.0648507373536642,Low,0,1.107,25.91711298316641,32.25936833962951,Moderate,0,1
Malaysia,2024,30.97099863747981,Extra Trees,0.0613207989555215,Low,0,5.105,13.343854710728085,30.97099863747981,Stable,0,1
Uganda,2024,21.282495775152427,Extra Trees,0.0580191132477893,Low,0,5.998,13.357585619698298,21.282495775152427,Stable,0,1
South Africa,2024,32.93586556699647,Extra Trees,0.0549692540719412,Low,0,0.535,16.481717077983333,32.93586556699647,Stable,0,1
Togo,2024,34.020689220968485,Extra Trees,0.0521562104863181,Low,0,6.319,26.284387448615995,34.020689220968485,Moderate,0,1
Benin,2024,29.216901758782907,Extra Trees,0.0504379784306736,Low,0,7.453,18.090175367197137,29.216901758782907,Moderate,0,1
Guatemala,2024,34.03041526553579,Extra Trees,0.0485864345661766,Low,0,3.652,24.1147139227001,34.03041526553579,Moderate,0,1
Uruguay,2024,27.74351184699955,Extra Trees,0.0461666274708034,Low,0,3.326,19.99598282255022,27.74351184699955,Moderate,0,1
Côte d'Ivoire,2024,28.21658533360207,Extra Trees,0.0441410710567598,Low,0,6.02,19.498338687736027,28.21658533360207,Moderate,0,1
Taiwan Province of China,2024,19.43489633112573,Extra Trees,0.0417427017851074,Low,0,5.267,33.736109293793234,19.43489633112573,Unstable,0,1
"Madagascar, Republic of",2024,19.55568030332182,Extra Trees,0.0412262799091884,Low,0,4.323,9.002655236785747,19.55568030332182,Stable,0,1
New Zealand,2024,34.29094744287995,Extra Trees,0.0394540094359313,Low,0,-0.287,22.163837064359598,34.29094744287995,Moderate,0,1
"Uzbekistan, Republic of",2024,18.78314587235665,Extra Trees,0.038261960817495,Low,0,6.676,11.745196623922826,18.78314587235665,Stable,0,1
Cameroon,2024,12.519601848171748,Extra Trees,0.0374587551682844,Low,0,3.525,16.579793573578552,12.519601848171748,Stable,0,1
Kenya,2024,26.13944074624711,Extra Trees,0.028042686954773,Low,0,4.725,19.833418069357187,26.13944074624711,Moderate,0,1
Philippines,2024,28.52425372309524,Extra Trees,0.0269436566454854,Low,0,5.692,7.774136271428835,28.52425372309524,Stable,0,1
India,2024,26.015473646176783,Extra Trees,0.0251090376862163,Low,0,7.099,10.911781808691044,26.015473646176783,Stable,0,1
Jordan,2024,19.30581400006218,Extra Trees,0.0246983271240609,Low,0,2.556,6.420257184168003,19.30581400006218,Stable,0,1
Mexico,2024,27.12049087612686,Extra Trees,0.0246577860040641,Low,0,1.351,17.453861810408398,27.12049087612686,Stable,0,1
Bangladesh,2024,14.36692572361459,Extra Trees,0.0232951667879972,Low,0,4.223,10.923306290090824,14.36692572361459,Stable,0,1
Indonesia,2024,13.400525134323278,Extra Trees,0.020309478263059,Low,0,5.033,2.438592248142948,13.400525134323278,Stable,0,1
"Tanzania, United Republic of",2024,15.502928091169268,Extra Trees,0.0201509299255384,Low,0,5.463,11.672215300549729,15.502928091169268,Stable,0,1
"Korea, Republic of",2024,18.35436437900164,Extra Trees,0.0185502942592592,Low,0,2.004,14.86789091344036,18.354364379001638,Stable,0,1
"South Sudan, Republic of",2025,91.07743837912234,Extra Trees,0.9722209726524206,High,1,46.094,87.73898607139688,91.07743837912234,Crisis,1,1
Lebanon,2025,80.0011180140304,Extra Trees,0.962371356253364,High,1,4.0,89.97993532171395,80.0011180140304,Crisis,1,1
"Palau, Republic of",2025,89.22797739814234,Extra Trees,0.9287451100577588,High,1,6.324,72.38629993085395,89.22797739814234,Crisis,1,1
Sudan,2025,65.93698458765168,Extra Trees,0.9115054291187382,High,1,3.225,77.01457352466377,65.93698458765168,Crisis,1,1
Ukraine,2025,74.4419671819259,Extra Trees,0.9086284968612994,High,1,1.8,73.2565203169019,74.4419671819259,Crisis,1,1
Argentina,2025,71.68648528901508,Extra Trees,0.8755752210227135,High,1,4.367,69.48000355318251,71.68648528901508,Crisis,1,1
Burundi,2025,63.61375074593912,Extra Trees,0.8635230354956083,High,1,3.904,71.39008425811619,63.61375074593912,Crisis,1,1
Cabo Verde,2025,79.78601561921444,Extra Trees,0.8602978003082209,High,1,5.513,69.16026905505369,79.78601561921444,Crisis,1,1
Botswana,2025,58.22309444324308,Extra Trees,0.8302067154157461,High,1,-0.887,58.19009402641162,58.22309444324308,Crisis,1,1
Norway,2025,60.441168650984295,Extra Trees,0.7458373299063339,High,1,1.085,58.1334514663056,60.441168650984295,Crisis,1,1
Senegal,2025,60.93312669429263,Extra Trees,0.726967265342031,High,1,7.881,59.0901143265092,60.93312669429263,Crisis,1,1
Ghana,2025,71.14156014333906,Extra Trees,0.7214615560963179,High,1,5.954,71.85105480392748,71.14156014333906,Crisis,1,1
Libya,2025,54.745704339048906,Extra Trees,0.7209208671826272,High,1,15.871,50.08325690988374,54.745704339048906,Unstable,0,0
Mongolia,2025,61.93188889293513,Extra Trees,0.715698689386528,High,1,6.844,36.893531104434736,61.93188889293513,Unstable,0,0
Suriname,2025,61.25395838178373,Extra Trees,0.7147414566097889,High,1,1.511,61.58891738143003,61.25395838178373,Crisis,1,1
"São Tomé and Príncipe, Democratic Republic of",2025,48.44570016231851,Extra Trees,0.6922537968325669,High,1,2.1,55.432887356146594,48.44570016231851,Crisis,1,1
Montenegro,2025,62.24945028910691,Extra Trees,0.6896039917363893,High,1,2.7,46.911206836622725,62.24945028910691,Unstable,0,0
Lao People's Democratic Republic,2025,64.25197293526573,Extra Trees,0.6810769107946906,High,1,4.772,65.14144901871556,64.25197293526573,Crisis,1,1
Haiti,2025,55.71334222627438,Extra Trees,0.6794858001608913,High,1,-2.713,59.29704666962655,55.71334222627438,Crisis,1,1
Ireland,2025,62.66664341793601,Extra Trees,0.6776752076593608,High,1,12.338,67.14566874169881,62.66664341793601,Crisis,1,1
Kiribati,2025,56.00596703461313,Extra Trees,0.677030101986351,High,1,4.288,42.194139650376215,56.00596703461313,Unstable,0,0
"Equatorial Guinea, Republic of",2025,51.30152607989533,Extra Trees,0.671677756704001,High,1,-6.358,47.48374769766715,51.30152607989533,Unstable,0,0
"Azerbaijan, Republic of",2025,57.04020792493214,Extra Trees,0.6481983714511935,High,1,1.4,40.47113141480863,57.04020792493214,Unstable,0,0
"Venezuela, República Bolivariana de",2025,68.27491251464907,Extra Trees,0.6469068995001165,High,1,1.533,55.07200720327623,68.27491251464907,Crisis,1,1
Kyrgyz Republic,2025,54.08165942927071,Extra Trees,0.6456307987676883,High,1,11.096,43.33635272367197,54.08165942927071,Unstable,0,0
Trinidad and Tobago,2025,44.50063554877831,Extra Trees,0.6420888618062184,High,1,0.782,36.53019957169844,44.50063554877831,Unstable,0,0
Angola,2025,52.12139126350135,Extra Trees,0.6344114051024953,High,1,3.13,51.64780235934001,52.12139126350135,Unstable,0,0
Guyana,2025,58.34452746609885,Extra Trees,0.6324366180962374,High,1,19.309,50.587362167185766,58.34452746609885,Unstable,0,0
"Afghanistan, Islamic Republic of",2025,39.95847607222888,Extra Trees,0.6143307532292549,High,1,3.004,34.216065211905565,39.95847607222888,Unstable,0,0
"Lesotho, Kingdom of",2025,46.55345638675196,Extra Trees,0.5912786119413361,Moderate,0,1.385,47.57005161372563,46.55345638675196,Unstable,0,1
Niger,2025,52.61837077624391,Extra Trees,0.5911464644799667,Moderate,0,6.9,45.5423751919912,52.61837077624391,Unstable,0,1
Zambia,2025,44.95321063579718,Extra Trees,0.5860118012997043,Moderate,0,3.758,34.24975415288431,44.95321063579718,Unstable,0,1
"Bahrain, Kingdom of",2025,41.965196823756045,Extra Trees,0.5788565746599159,Moderate,0,3.109,46.22271321918901,41.965196823756045,Unstable,0,1
Bhutan,2025,48.53198961739858,Extra Trees,0.5445375554463568,Moderate,0,7.123,34.80066216762172,48.53198961739858,Unstable,0,1
Nigeria,2025,47.700063627503454,Extra Trees,0.4979312269676805,Moderate,0,4.013,45.03887405367422,47.700063627503454,Unstable,0,1
Dominica,2025,56.31312657433716,Extra Trees,0.4968211160807122,Moderate,0,4.542,45.85630032013254,56.31312657433716,Unstable,0,1
Hungary,2025,45.62519843719463,Extra Trees,0.4875097458363035,Moderate,0,0.409,31.111684637671868,45.62519843719463,Moderate,0,1
"Mozambique, Republic of",2025,39.514544833304825,Extra Trees,0.4862257800529562,Moderate,0,-0.524,45.517703365678194,39.514544833304825,Unstable,0,1
Pakistan,2025,50.48398382153887,Extra Trees,0.4843739010113362,Moderate,0,3.093,39.25832700675919,50.48398382153887,Unstable,0,1
"Bahamas, The",2025,57.13416267676581,Extra Trees,0.4794141595492979,Moderate,0,2.8,38.33171499615016,57.13416267676581,Unstable,0,1
"Belarus, Republic of",2025,33.751959188594185,Extra Trees,0.4749273806092507,Moderate,0,1.263,43.04573900710004,33.751959188594185,Unstable,0,1
Greece,2025,61.27106063150581,Extra Trees,0.4726413907483124,Moderate,0,2.073,42.19483850251774,61.27106063150581,Unstable,0,1
Algeria,2025,39.31512211109515,Extra Trees,0.4657503173603249,Moderate,0,3.822,52.20090444965923,39.31512211109515,Unstable,0,1
Guinea,2025,33.71604966757808,Extra Trees,0.4599423197267942,Moderate,0,6.687,37.93448531708067,33.71604966757808,Unstable,0,1
St. Lucia,2025,58.47975308705072,Extra Trees,0.4530770442296699,Moderate,0,1.654,39.68021734760229,58.47975308705072,Unstable,0,1
Nicaragua,2025,52.39178518412096,Extra Trees,0.4416670221909321,Moderate,0,4.924,41.09006100041083,52.39178518412096,Unstable,0,1
Mauritius,2025,44.84502459466248,Extra Trees,0.4412094724891624,Moderate,0,3.1,34.88251442420851,44.84502459466248,Unstable,0,1
St. Vincent and the Grenadines,2025,43.773291245241815,Extra Trees,0.439853975789338,Moderate,0,3.39,47.06134827005989,43.773291245241815,Unstable,0,1
Russian Federation,2025,31.494104900555868,Extra Trees,0.4265075443529173,Moderate,0,0.981,34.34046598020974,31.494104900555868,Unstable,0,1
"Lithuania, Republic of",2025,46.23134517236224,Extra Trees,0.4264070715571511,Moderate,0,2.858,36.32955235295208,46.23134517236224,Unstable,0,1
Maldives,2025,46.06792959378417,Extra Trees,0.4204703014988095,Moderate,0,5.031,57.21668311047016,46.06792959378417,Crisis,1,0
Chile,2025,46.12220986906722,Extra Trees,0.4194303172225976,Moderate,0,2.292,32.29424313827658,46.12220986906722,Moderate,0,1
"Moldova, Republic of",2025,39.36935089091373,Extra Trees,0.4102465872452773,Moderate,0,2.416,27.16335622313223,39.36935089091373,Moderate,0,1
Malawi,2025,46.56640903352169,Extra Trees,0.4062999076217795,Moderate,0,2.087,44.88278357126917,46.56640903352169,Unstable,0,1
Saudi Arabia,2025,31.79740190883413,Extra Trees,0.391197969762614,Moderate,0,4.502,42.27540430230114,31.79740190883413,Unstable,0,1
"Türkiye, Republic of",2025,52.43175153550499,Extra Trees,0.3834937226464128,Moderate,0,3.605,32.4329740366978,52.43175153550499,Moderate,0,1
"Congo, Republic of",2025,32.9843288650063,Extra Trees,0.3761254692775321,Moderate,0,2.367,32.1491747796412,32.9843288650063,Moderate,0,1
Colombia,2025,58.25272238721936,Extra Trees,0.3736805841422284,Moderate,0,2.642,26.029189982767196,58.25272238721936,Moderate,0,1
Burkina Faso,2025,50.06974846911682,Extra Trees,0.371773866894509,Moderate,0,4.995,53.5015588540382,50.06974846911682,Crisis,1,0
Malta,2025,44.45720120453433,Extra Trees,0.3684490201907969,Moderate,0,3.962,27.776239209019813,44.45720120453433,Moderate,0,1
"Armenia, Republic of",2025,39.306816163580415,Extra Trees,0.3631033374823468,Moderate,0,7.162,30.165932275361037,39.306816163580415,Moderate,0,1
Qatar,2025,37.80227588502334,Extra Trees,0.3571467873826633,Moderate,0,2.798,25.157287545216786,37.80227588502334,Moderate,0,1
Slovak Republic,2025,39.07273870991583,Extra Trees,0.3541846107068542,Moderate,0,0.807,29.700319280643253,39.07273870991583,Moderate,0,1
"Poland, Republic of",2025,49.49725982777934,Extra Trees,0.3498439304048888,Moderate,0,3.573,32.84017661402756,49.49725982777934,Moderate,0,1
Oman,2025,48.73866880192222,Extra Trees,0.3491281235019609,Moderate,0,2.396,28.40474609266904,48.73866880192222,Moderate,0,1
Cyprus,2025,52.901626867564026,Extra Trees,0.3472750687267588,Moderate,0,3.767,32.903266451074145,52.901626867564026,Moderate,0,1
Solomon Islands,2025,32.44796232087763,Extra Trees,0.3465869155630116,Moderate,0,2.679,26.219530712515457,32.44796232087763,Moderate,0,1
Brunei Darussalam,2025,33.43756833851491,Extra Trees,0.3356298855745393,Moderate,0,0.6,25.7594862350996,33.43756833851491,Moderate,0,1
"Croatia, Republic of",2025,55.89317648755291,Extra Trees,0.3203670229273459,Moderate,0,3.154,26.417668959281677,55.89317648755291,Moderate,0,1
"Ethiopia, The Federal Democratic Republic of",2025,39.16388670749239,Extra Trees,0.3196654208955591,Moderate,0,9.151,49.70854945618226,39.16388670749239,Unstable,0,1
Bolivia,2025,41.16351173594775,Extra Trees,0.306831688838853,Moderate,0,-1.2,45.03259926016423,41.16351173594775,Unstable,0,1
"Egypt, Arab Republic of",2025,40.41185877938866,Extra Trees,0.3035777763505891,Moderate,0,4.392,34.41538660547675,40.41185877938866,Unstable,0,1
Italy,2025,45.68848458650246,Extra Trees,0.3013315405106631,Moderate,0,0.54,27.747069833319784,45.68848458650246,Moderate,0,1
Kuwait,2025,32.80135061348251,Extra Trees,0.2943770715662137,Low,0,3.468,43.23177449008282,32.80135061348251,Unstable,0,1
Portugal,2025,47.968329624448565,Extra Trees,0.2907358452928499,Low,0,1.864,36.964104134819486,47.968329624448565,Unstable,0,1
Belize,2025,45.7937429070738,Extra Trees,0.2824865201840248,Low,0,2.747,29.670190619919328,45.7937429070738,Moderate,0,1
Liberia,2025,33.11738536448616,Extra Trees,0.2706368196697032,Low,0,5.14,23.85361892037777,33.11738536448616,Moderate,0,1
Myanmar,2025,45.540823627713614,Extra Trees,0.2680241149178613,Low,0,-1.964,26.47560688607845,45.540823627713614,Moderate,0,1
"Slovenia, Republic of",2025,42.61081897507564,Extra Trees,0.2572066630209008,Low,0,1.06,24.582812743475912,42.61081897507564,Moderate,0,1
"Kazakhstan, Republic of",2025,34.84110697194593,Extra Trees,0.254749636524349,Low,0,6.485,28.347769562980005,34.84110697194593,Moderate,0,1
Israel,2025,37.85313742946231,Extra Trees,0.254319422638041,Low,0,2.931,27.334145185628746,37.85313742946231,Moderate,0,1
Turkmenistan,2025,34.3483006642493,Extra Trees,0.2528748099556339,Low,0,3.576,20.21928836457624,34.3483006642493,Moderate,0,1
"Tajikistan, Republic of",2025,39.660679937444286,Extra Trees,0.2455234054110911,Low,0,8.4,32.92901578941234,39.660679937444286,Moderate,0,1
Czech Republic,2025,36.87368382534377,Extra Trees,0.2436331286271292,Low,0,2.548,29.06001111326053,36.87368382534377,Moderate,0,1
Nepal,2025,36.31588329895156,Extra Trees,0.2373515015073054,Low,0,4.604,26.865561305731685,36.31588329895156,Moderate,0,1
"North Macedonia, Republic of",2025,37.75301263304885,Extra Trees,0.2338353707351766,Low,0,3.487,29.76050614628277,37.75301263304885,Moderate,0,1
Paraguay,2025,31.76848542516105,Extra Trees,0.2236892108267042,Low,0,6.0,33.13647354036849,31.76848542516105,Moderate,0,1
"Mauritania, Islamic Republic of",2025,36.08238506019581,Extra Trees,0.2136804320673008,Low,0,4.215,26.46154190196268,36.08238506019581,Moderate,0,1
Chad,2025,36.770687436180864,Extra Trees,0.204500690285308,Low,0,5.606,23.25907597275579,36.770687436180864,Moderate,0,1
Singapore,2025,42.525267202815535,Extra Trees,0.2020118912222239,Low,0,5.023,24.144403207701828,42.525267202815535,Moderate,0,1
Cambodia,2025,26.44095216278344,Extra Trees,0.1966182938262919,Low,0,5.013,22.815574720032707,26.44095216278344,Moderate,0,1
Jamaica,2025,32.61028339196343,Extra Trees,0.1947832658800103,Low,0,-0.06,31.936339886246948,32.61028339196343,Moderate,0,1
Austria,2025,35.829920850473044,Extra Trees,0.1926248221470552,Low,0,0.616,23.74823210372113,35.829920850473044,Moderate,0,1
Gabon,2025,27.399357413108,Extra Trees,0.1911806466571335,Low,0,2.512,43.37992031505499,27.399357413108,Unstable,0,1
Ecuador,2025,39.96064417685875,Extra Trees,0.191085579369868,Low,0,3.726,33.67128267489678,39.96064417685875,Unstable,0,1
"Estonia, Republic of",2025,40.60938528684363,Extra Trees,0.1863477171742082,Low,0,0.584,22.724175555358112,40.60938528684363,Moderate,0,1
"Latvia, Republic of",2025,37.76374869589922,Extra Trees,0.1775469414377962,Low,0,2.138,27.479017040623404,37.76374869589922,Moderate,0,1
"Netherlands, The",2025,32.02023586042552,Extra Trees,0.1695605289283319,Low,0,1.856,27.312914241076545,32.02023586042552,Moderate,0,1
Albania,2025,41.53992167200392,Extra Trees,0.1623427234919045,Low,0,3.705,24.446746890952763,41.53992167200392,Moderate,0,1
Sierra Leone,2025,27.567405796680937,Extra Trees,0.1614756888414426,Low,0,4.377,20.24878995505606,27.567405796680937,Moderate,0,1
Georgia,2025,39.19338921855071,Extra Trees,0.1580114498393756,Low,0,7.462,25.52334961700704,39.19338921855071,Moderate,0,1
Panama,2025,38.14279329564235,Extra Trees,0.15294767150302,Low,0,4.35,26.37038554785464,38.14279329564235,Moderate,0,1
Romania,2025,32.6629190490373,Extra Trees,0.1469611105925586,Low,0,0.665,21.09938871368201,32.6629190490373,Moderate,0,1
"Hong Kong Special Administrative Region, People's Republic of China",2025,33.7255490486233,Extra Trees,0.1427868625103239,Low,0,3.488,18.694381604619046,33.7255490486233,Moderate,0,1
El Salvador,2025,33.4304362431966,Extra Trees,0.1427464981057674,Low,0,3.7,30.920400100570244,33.4304362431966,Moderate,0,1
Barbados,2025,31.42491998119997,Extra Trees,0.1409870308347462,Low,0,2.743,26.787160297673008,31.42491998119997,Moderate,0,1
"Serbia, Republic of",2025,30.19877881267431,Extra Trees,0.1406245882139313,Low,0,2.03,14.497298438019794,30.19877881267431,Stable,0,1
Iceland,2025,37.30028763628617,Extra Trees,0.135118648016086,Low,0,1.279,16.771839692198004,37.30028763628617,Stable,0,1
"Eswatini, Kingdom of",2025,21.04202291805044,Extra Trees,0.1342912092811842,Low,0,3.613,29.451908571876828,21.04202291805044,Moderate,0,1
Thailand,2025,20.89602113714985,Extra Trees,0.1330915499484821,Low,0,2.413,19.873300171243137,20.89602113714985,Moderate,0,1
United Kingdom,2025,36.24799267785259,Extra Trees,0.1324014885308111,Low,0,1.323,23.747815797660092,36.24799267785259,Moderate,0,1
"Iran, Islamic Republic of",2025,28.93930484720688,Extra Trees,0.1309089962961887,Low,0,-1.525,48.887380225686165,28.939304847206877,Unstable,0,1
Papua New Guinea,2025,31.020199012394563,Extra Trees,0.1300533985815073,Low,0,5.637,30.92550119354489,31.020199012394563,Moderate,0,1
Peru,2025,30.951113221947075,Extra Trees,0.1270024587593147,Low,0,3.439,17.727991729845954,30.951113221947075,Moderate,0,1
Finland,2025,24.070161032196527,Extra Trees,0.1233663394644915,Low,0,0.173,29.657203172585238,24.070161032196527,Moderate,0,1
Denmark,2025,39.95573321497957,Extra Trees,0.1229683228810136,Low,0,2.879,27.76347377842527,39.95573321497957,Moderate,0,1
Tunisia,2025,31.08659849997593,Extra Trees,0.1193984068944167,Low,0,2.493,29.69236954745049,31.08659849997593,Moderate,0,1
Japan,2025,39.72295450709556,Extra Trees,0.1154989298581544,Low,0,1.193,43.013591301393134,39.72295450709556,Unstable,0,1
Seychelles,2025,42.45558001817393,Extra Trees,0.115096428909269,Low,0,5.092,16.97786130644526,42.45558001817393,Stable,0,1
Spain,2025,38.08130195830895,Extra Trees,0.1116710086641221,Low,0,2.766,27.783221438213783,38.08130195830895,Moderate,0,1
"Gambia, The",2025,30.351704184931137,Extra Trees,0.1091322609144586,Low,0,6.004,26.866673324189968,30.351704184931137,Moderate,0,1
Bulgaria,2025,24.178528747363085,Extra Trees,0.1026990347587219,Low,0,3.096,17.36143242880256,24.178528747363085,Stable,0,1
Bosnia and Herzegovina,2025,27.721705376353608,Extra Trees,0.1001303501197643,Low,0,2.0,23.774233197682072,27.721705376353608,Moderate,0,1
"Comoros, Union of the",2025,24.983142253571657,Extra Trees,0.0971115720478698,Low,0,3.776,14.204284811734068,24.983142253571657,Stable,0,1
Central African Republic,2025,16.320978823859193,Extra Trees,0.0970629627457032,Low,0,4.801,25.04170356459268,16.320978823859193,Moderate,0,1
Vietnam,2025,26.3111512122032,Extra Trees,0.0969376164956456,Low,0,8.019,20.61287842066747,26.3111512122032,Moderate,0,1
United Arab Emirates,2025,27.53108966031675,Extra Trees,0.0926542831050259,Low,0,5.804,22.79305117678921,27.53108966031675,Moderate,0,1
"Congo, Democratic Republic of the",2025,16.797449685626294,Extra Trees,0.0874509639364481,Low,0,5.746,20.614855354713427,16.797449685626294,Moderate,0,1
"Kosovo, Republic of",2025,26.718581211461647,Extra Trees,0.0864390997343813,Low,0,3.591,18.74640405323937,26.718581211461647,Moderate,0,1
Belgium,2025,22.40393722816446,Extra Trees,0.0841377739788402,Low,0,0.972,18.42903830337953,22.40393722816446,Moderate,0,1
United States,2025,26.752393099572608,Extra Trees,0.0828810478171127,Low,0,2.117,22.300134537050663,26.752393099572608,Moderate,0,1
Rwanda,2025,21.580424734169725,Extra Trees,0.081903617733978,Low,0,6.978,19.39484841607829,21.580424734169725,Moderate,0,1
Mali,2025,19.130625522492924,Extra Trees,0.0773627371839683,Low,0,4.9,24.292028942597256,19.130625522492924,Moderate,0,1
Costa Rica,2025,25.068417026712467,Extra Trees,0.076996563213438,Low,0,4.56,24.42942325723488,25.068417026712467,Moderate,0,1
"China, People's Republic of",2025,23.02079207432662,Extra Trees,0.073287415503172,Low,0,4.959,22.01729993301429,23.02079207432662,Moderate,0,1
Luxembourg,2025,25.83966505240874,Extra Trees,0.0728372206594286,Low,0,0.638,18.68137051207454,25.83966505240874,Moderate,0,1
Djibouti,2025,22.53859912499703,Extra Trees,0.061017323224525,Low,0,6.0,22.28853316933826,22.53859912499703,Moderate,0,1
Brazil,2025,22.847320979292213,Extra Trees,0.0589808229310595,Low,0,2.286,23.32505313441646,22.847320979292213,Moderate,0,1
Honduras,2025,28.84159065028345,Extra Trees,0.0572146537612366,Low,0,3.7,22.21338651399645,28.84159065028345,Moderate,0,1
Sweden,2025,25.80018151152764,Extra Trees,0.0566753536919583,Low,0,1.543,16.29121985102367,25.80018151152764,Stable,0,1
Morocco,2025,26.398070870842208,Extra Trees,0.0555615626913989,Low,0,4.9,15.019401093623516,26.398070870842208,Stable,0,1
Canada,2025,31.284061387298216,Extra Trees,0.0553672308228858,Low,0,1.743,16.552285212822657,31.284061387298216,Stable,0,1
Germany,2025,20.522454834876555,Extra Trees,0.0538581129552285,Low,0,0.24,12.324242798130266,20.522454834876555,Stable,0,1
Uruguay,2025,19.99598282255022,Extra Trees,0.0475136633112762,Low,0,1.785,15.219018727427851,19.99598282255022,Stable,0,1
Taiwan Province of China,2025,33.736109293793234,Extra Trees,0.0426319506097669,Low,0,8.676,36.27578881186016,33.736109293793234,Unstable,0,1
Côte d'Ivoire,2025,19.498338687736027,Extra Trees,0.0400840711692038,Low,0,6.5,16.84140733608808,19.498338687736027,Stable,0,1
Dominican Republic,2025,21.16936562217026,Extra Trees,0.03639081817764,Low,0,2.117,17.620876939803804,21.16936562217026,Moderate,0,1
New Zealand,2025,22.1638370643596,Extra Trees,0.0357424272240795,Low,0,0.176,18.034246167215287,22.163837064359598,Moderate,0,1
Namibia,2025,17.799223438790595,Extra Trees,0.0350802487313602,Low,0,2.44,14.746737602524618,17.799223438790595,Stable,0,1
Togo,2025,26.284387448615995,Extra Trees,0.0346840719354271,Low,0,5.889,29.049379374116132,26.284387448615995,Moderate,0,1
Malaysia,2025,13.343854710728085,Extra Trees,0.0304521179655285,Low,0,5.171,11.785868424589086,13.343854710728085,Stable,0,1
Guinea-Bissau,2025,20.802101718103486,Extra Trees,0.0291473755459675,Low,0,5.5,14.407120261573182,20.802101718103486,Stable,0,1
"Uzbekistan, Republic of",2025,11.745196623922826,Extra Trees,0.0281999401583842,Low,0,7.7,10.895327436918256,11.745196623922826,Stable,0,1
Australia,2025,32.007286609241696,Extra Trees,0.0277195673605433,Low,0,1.971,16.06024431563508,32.007286609241696,Stable,0,1
France,2025,25.91711298316641,Extra Trees,0.027212763589585,Low,0,0.928,8.79041941241222,25.91711298316641,Stable,0,1
Kenya,2025,19.833418069357187,Extra Trees,0.0257839299247903,Low,0,4.88,11.531330738384932,19.833418069357187,Stable,0,1
Uganda,2025,13.357585619698298,Extra Trees,0.0248985072790536,Low,0,6.725,15.099087140850264,13.357585619698298,Stable,0,1
Bangladesh,2025,10.923306290090824,Extra Trees,0.0237696847799884,Low,0,3.49,11.740284999347129,10.923306290090824,Stable,0,1
"Tanzania, United Republic of",2025,11.672215300549729,Extra Trees,0.02365486746828,Low,0,5.876,13.045699650178769,11.672215300549729,Stable,0,1
Guatemala,2025,24.1147139227001,Extra Trees,0.0225171324907203,Low,0,4.118,15.329017177104738,24.1147139227001,Stable,0,1
Mexico,2025,17.453861810408398,Extra Trees,0.0224619301752926,Low,0,0.562,14.48056567592892,17.453861810408398,Stable,0,1
Benin,2025,18.090175367197137,Extra Trees,0.0221382555201817,Low,0,7.5,15.265822430143348,18.090175367197137,Stable,0,1
"Madagascar, Republic of",2025,9.002655236785747,Extra Trees,0.0211215981871669,Low,0,2.835,4.456775163879327,9.002655236785747,Stable,0,1
"Korea, Republic of",2025,14.86789091344036,Extra Trees,0.0207388481598362,Low,0,1.007,14.75881375914606,14.86789091344036,Stable,0,1
Jordan,2025,6.420257184168003,Extra Trees,0.0207337933040697,Low,0,2.683,5.35087812664641,6.420257184168003,Stable,0,1
South Africa,2025,16.481717077983333,Extra Trees,0.0170336385685294,Low,0,1.115,12.450592201723342,16.481717077983333,Stable,0,1
Cameroon,2025,16.579793573578552,Extra Trees,0.0148385151688938,Low,0,3.073,8.061034455730988,16.579793573578552,Stable,0,1
India,2025,10.911781808691044,Extra Trees,0.0138904237876269,Low,0,7.618,15.613843781966894,10.911781808691044,Stable,0,1
Philippines,2025,7.774136271428835,Extra Trees,0.0136639918008455,Low,0,4.403,4.900439911460136,7.774136271428835,Stable,0,1
Switzerland,2025,16.616591845093108,Extra Trees,0.0124908682356512,Low,0,1.272,2.206823747474339,16.616591845093108,Stable,0,1
Indonesia,2025,2.438592248142948,Extra Trees,0.0116999773893124,Low,0,5.108,1.1319436950859003,2.438592248142948,Stable,0,1
"South Sudan, Republic of",2026,87.73898607139688,Extra Trees,0.9216240152808288,High,1,4.141,84.08614063547043,87.73898607139688,Crisis,1,1
"Palau, Republic of",2026,72.38629993085395,Extra Trees,0.9142025235104334,High,1,3.3,78.48314762744207,72.38629993085395,Crisis,1,1
Suriname,2026,61.58891738143003,Extra Trees,0.8899450076406786,High,1,3.927,70.08938757401442,61.58891738143003,Crisis,1,1
Ukraine,2026,73.2565203169019,Extra Trees,0.864195974220269,High,1,2.0,67.34877901727256,73.2565203169019,Crisis,1,1
Burundi,2026,71.39008425811619,Extra Trees,0.860700390619497,High,1,3.819,59.83052520953616,71.39008425811619,Crisis,1,1
Ghana,2026,71.85105480392748,Extra Trees,0.8561729136984977,High,1,4.75,61.73028011743519,71.85105480392748,Crisis,1,1
Argentina,2026,69.48000355318251,Extra Trees,0.8297356424623434,High,1,3.5,63.10788754762997,69.48000355318251,Crisis,1,1
Sudan,2026,77.01457352466377,Extra Trees,0.814722477078239,High,1,0.713,67.30762858629045,77.01457352466377,Crisis,1,1
Senegal,2026,59.0901143265092,Extra Trees,0.8028783239839352,High,1,2.173,51.09419831602458,59.0901143265092,Unstable,0,0
"São Tomé and Príncipe, Democratic Republic of",2026,55.432887356146594,Extra Trees,0.7611659572571491,High,1,3.4,51.16519874231856,55.432887356146594,Unstable,0,0
Haiti,2026,59.29704666962655,Extra Trees,0.7310469532525686,High,1,-1.7,54.7303535319467,59.29704666962655,Crisis,1,1
Lao People's Democratic Republic,2026,65.14144901871556,Extra Trees,0.7071996614147703,High,1,4.013,58.49049237190712,65.14144901871556,Crisis,1,1
Algeria,2026,52.20090444965923,Extra Trees,0.6753846237276266,High,1,3.777,47.23172191659208,52.20090444965923,Unstable,0,0
Libya,2026,50.08325690988374,Extra Trees,0.667445863436263,High,1,6.72,66.52501725828888,50.08325690988374,Crisis,1,1
Ireland,2026,67.14566874169881,Extra Trees,0.6415530193736442,High,1,2.516,47.058148640891645,67.14566874169881,Unstable,0,0
Maldives,2026,57.21668311047016,Extra Trees,0.6296454854021967,High,1,3.022,47.91365025060825,57.21668311047016,Unstable,0,0
"Venezuela, República Bolivariana de",2026,55.07200720327623,Extra Trees,0.62675456972222,High,1,4.043,51.059487127812446,55.07200720327623,Unstable,0,0
Botswana,2026,58.19009402641162,Extra Trees,0.6111796456792388,High,1,4.749,63.28666484173269,58.19009402641162,Crisis,1,1
Niger,2026,45.5423751919912,Extra Trees,0.6003268442691927,High,1,6.728,43.95432480869096,45.5423751919912,Unstable,0,0
Angola,2026,51.64780235934001,Extra Trees,0.5333405228071803,Moderate,0,2.294,32.04522599831603,51.64780235934001,Moderate,0,1
Kiribati,2026,42.194139650376215,Extra Trees,0.5307730815653604,Moderate,0,3.102,36.07836602525567,42.194139650376215,Unstable,0,1
Montenegro,2026,46.911206836622725,Extra Trees,0.5051034162602577,Moderate,0,2.8,32.63977739038022,46.911206836622725,Moderate,0,1
"Iran, Islamic Republic of",2026,48.887380225686165,Extra Trees,0.5049334685201368,Moderate,0,-6.07,49.7888230244797,48.887380225686165,Unstable,0,1
Cabo Verde,2026,69.16026905505369,Extra Trees,0.4571617991375588,Moderate,0,4.787,46.13263518138228,69.16026905505369,Unstable,0,1
Kuwait,2026,43.23177449008282,Extra Trees,0.4541741682080718,Moderate,0,-0.561,42.077363940175,43.23177449008282,Unstable,0,1
Kyrgyz Republic,2026,43.33635272367197,Extra Trees,0.4457725045615683,Moderate,0,6.075,43.856121115317166,43.33635272367197,Unstable,0,1
"Lesotho, Kingdom of",2026,47.57005161372563,Extra Trees,0.4281370117089417,Moderate,0,1.111,26.884496317441588,47.57005161372563,Moderate,0,1
Burkina Faso,2026,53.5015588540382,Extra Trees,0.412709795179434,Moderate,0,4.858,32.061107934212394,53.5015588540382,Moderate,0,1
Bhutan,2026,34.80066216762172,Extra Trees,0.4034455475002443,Moderate,0,7.478,34.10221942371668,34.80066216762172,Unstable,0,1
"Azerbaijan, Republic of",2026,40.47113141480863,Extra Trees,0.393235911735685,Moderate,0,2.217,34.92630534800554,40.47113141480863,Unstable,0,1
"Equatorial Guinea, Republic of",2026,47.48374769766715,Extra Trees,0.3574343808432253,Moderate,0,-2.686,26.322735165129203,47.48374769766715,Moderate,0,1
Guinea,2026,37.93448531708067,Extra Trees,0.3404576526997665,Moderate,0,8.677,37.928208124714736,37.93448531708067,Unstable,0,1
Guyana,2026,50.587362167185766,Extra Trees,0.3360729543929038,Moderate,0,16.168,39.359220819706366,50.587362167185766,Unstable,0,1
St. Vincent and the Grenadines,2026,47.06134827005989,Extra Trees,0.3317345290614285,Moderate,0,3.0,29.64690418421988,47.06134827005989,Moderate,0,1
Trinidad and Tobago,2026,36.53019957169844,Extra Trees,0.3309951583555162,Moderate,0,0.766,26.769174652953247,36.53019957169844,Moderate,0,1
"Ethiopia, The Federal Democratic Republic of",2026,49.70854945618226,Extra Trees,0.3271511738928606,Moderate,0,9.204,24.78298750216581,49.70854945618226,Moderate,0,1
Norway,2026,58.1334514663056,Extra Trees,0.3255036550040824,Moderate,0,1.475,29.864435626746587,58.1334514663056,Moderate,0,1
Gabon,2026,43.37992031505499,Extra Trees,0.3250322348064705,Moderate,0,2.665,36.63795430364844,43.37992031505499,Unstable,0,1
"Mozambique, Republic of",2026,45.517703365678194,Extra Trees,0.2984068529655732,Low,0,0.519,34.5077652030671,45.517703365678194,Unstable,0,1
Nigeria,2026,45.03887405367422,Extra Trees,0.296071966589653,Low,0,4.058,40.88310959252711,45.03887405367422,Unstable,0,1
"Moldova, Republic of",2026,27.16335622313223,Extra Trees,0.2914149755056525,Low,0,1.9,19.31399584453715,27.16335622313223,Moderate,0,1
Bolivia,2026,45.03259926016423,Extra Trees,0.2833586792598291,Low,0,-3.285,43.17508536247741,45.03259926016423,Unstable,0,1
Dominica,2026,45.85630032013254,Extra Trees,0.2808223672994163,Low,0,3.137,36.195582762703104,45.85630032013254,Unstable,0,1
Mongolia,2026,36.893531104434736,Extra Trees,0.2716646990266737,Low,0,5.261,18.60543464008208,36.893531104434736,Moderate,0,1
Liberia,2026,23.85361892037777,Extra Trees,0.2590590312859757,Low,0,5.111,30.574117648964805,23.85361892037777,Moderate,0,1
"Tajikistan, Republic of",2026,32.92901578941234,Extra Trees,0.2436690934992826,Low,0,6.0,27.709372131381784,32.92901578941234,Moderate,0,1
Myanmar,2026,26.47560688607845,Extra Trees,0.241271619879458,Low,0,2.995,28.30024911808512,26.47560688607845,Moderate,0,1
"Egypt, Arab Republic of",2026,34.41538660547675,Extra Trees,0.2354554128718049,Low,0,4.24,36.67477084760043,34.41538660547675,Unstable,0,1
Pakistan,2026,39.25832700675919,Extra Trees,0.2302692236640988,Low,0,3.603,32.279682800760625,39.25832700675919,Moderate,0,1
Saudi Arabia,2026,42.27540430230114,Extra Trees,0.2011057279742258,Low,0,3.115,20.27073107811784,42.27540430230114,Moderate,0,1
Solomon Islands,2026,26.219530712515457,Extra Trees,0.1975852299637628,Low,0,2.785,15.887293006632348,26.219530712515457,Stable,0,1
"Bahrain, Kingdom of",2026,46.22271321918901,Extra Trees,0.1964683392147825,Low,0,-0.499,39.48968023076237,46.22271321918901,Unstable,0,1
Malawi,2026,44.88278357126917,Extra Trees,0.1796002491493954,Low,0,2.227,30.2614796473318,44.88278357126917,Moderate,0,1
Greece,2026,42.19483850251774,Extra Trees,0.1573012521129358,Low,0,1.802,31.48229080886744,42.19483850251774,Moderate,0,1
"Poland, Republic of",2026,32.84017661402756,Extra Trees,0.1562150715770791,Low,0,3.324,33.70248111493619,32.84017661402756,Unstable,0,1
Nicaragua,2026,41.09006100041083,Extra Trees,0.1557293804428424,Low,0,3.84,21.98524793433656,41.09006100041083,Moderate,0,1
Taiwan Province of China,2026,36.27578881186016,Extra Trees,0.1526388772591275,Low,0,5.181,37.04053790988881,36.27578881186016,Unstable,0,1
"Gambia, The",2026,26.866673324189968,Extra Trees,0.148318607683403,Low,0,5.112,27.05508591792966,26.866673324189968,Moderate,0,1
Nepal,2026,26.865561305731685,Extra Trees,0.1464918786303206,Low,0,2.956,25.28038040826931,26.865561305731685,Moderate,0,1
Zambia,2026,34.24975415288431,Extra Trees,0.145481371054431,Low,0,4.287,26.78776690354579,34.24975415288431,Moderate,0,1
"Congo, Republic of",2026,32.1491747796412,Extra Trees,0.1368516836895924,Low,0,2.837,15.740134133262544,32.1491747796412,Stable,0,1
"Türkiye, Republic of",2026,32.4329740366978,Extra Trees,0.1357935633288762,Low,0,3.366,19.321441047174865,32.4329740366978,Moderate,0,1
Sierra Leone,2026,20.24878995505606,Extra Trees,0.124067433342494,Low,0,4.55,17.087242145319962,20.24878995505606,Stable,0,1
"Lithuania, Republic of",2026,36.32955235295208,Extra Trees,0.1216587598665899,Low,0,2.912,28.12550994626904,36.32955235295208,Moderate,0,1
Djibouti,2026,22.28853316933826,Extra Trees,0.118766213861519,Low,0,6.0,18.25715573427705,22.28853316933826,Moderate,0,1
Qatar,2026,25.157287545216786,Extra Trees,0.1162538645982167,Low,0,-8.646,32.12691038982497,25.157287545216786,Moderate,0,1
"Eswatini, Kingdom of",2026,29.451908571876828,Extra Trees,0.1152739220852191,Low,0,4.037,22.545516581401785,29.451908571876828,Moderate,0,1
Hungary,2026,31.111684637671868,Extra Trees,0.1142558860730571,Low,0,1.662,18.262405010286567,31.111684637671868,Moderate,0,1
Japan,2026,43.013591301393134,Extra Trees,0.1131973109922651,Low,0,0.719,32.45374094778615,43.013591301393134,Moderate,0,1
Slovak Republic,2026,29.700319280643253,Extra Trees,0.1065533746013784,Low,0,0.601,19.64997441316973,29.700319280643253,Moderate,0,1
Papua New Guinea,2026,30.92550119354489,Extra Trees,0.1054943590725106,Low,0,3.753,21.36036314465223,30.92550119354489,Moderate,0,1
Brunei Darussalam,2026,25.7594862350996,Extra Trees,0.0996246166957618,Low,0,2.6,25.72037547736585,25.7594862350996,Moderate,0,1
Jamaica,2026,31.936339886246948,Extra Trees,0.0994155380414468,Low,0,-1.152,16.241710695789887,31.936339886246948,Stable,0,1
"Latvia, Republic of",2026,27.479017040623404,Extra Trees,0.094535602816034,Low,0,2.218,16.765015682388494,27.479017040623404,Stable,0,1
Cyprus,2026,32.903266451074145,Extra Trees,0.0945004364797368,Low,0,2.953,24.04079354891304,32.903266451074145,Moderate,0,1
Czech Republic,2026,29.06001111326053,Extra Trees,0.0928893522583062,Low,0,2.234,19.35172831581611,29.06001111326053,Moderate,0,1
Oman,2026,28.40474609266904,Extra Trees,0.0911044726143288,Low,0,3.452,34.45690336021901,28.40474609266904,Unstable,0,1
Colombia,2026,26.0291899827672,Extra Trees,0.0898618889362267,Low,0,2.342,17.940481219062825,26.029189982767196,Moderate,0,1
Central African Republic,2026,25.04170356459268,Extra Trees,0.0885435375691812,Low,0,2.613,16.097120397222398,25.04170356459268,Stable,0,1
Côte d'Ivoire,2026,16.84140733608808,Extra Trees,0.0885269275314911,Low,0,6.2,14.056164839403536,16.84140733608808,Stable,0,1
"North Macedonia, Republic of",2026,29.76050614628277,Extra Trees,0.0884083830412086,Low,0,3.1,21.5523064997782,29.76050614628277,Moderate,0,1
Rwanda,2026,19.39484841607829,Extra Trees,0.0880639968874053,Low,0,7.233,13.534759393545938,19.39484841607829,Stable,0,1
Bulgaria,2026,17.36143242880256,Extra Trees,0.0860412562725865,Low,0,2.773,9.70435393580925,17.36143242880256,Stable,0,1
Honduras,2026,22.21338651399645,Extra Trees,0.0858824578802484,Low,0,3.3,18.922599079066632,22.21338651399645,Moderate,0,1
Chad,2026,23.25907597275579,Extra Trees,0.0822714800334063,Low,0,5.23,16.92132657993987,23.25907597275579,Stable,0,1
"Congo, Democratic Republic of the",2026,20.614855354713427,Extra Trees,0.0810879997959461,Low,0,5.901,20.901255273474597,20.614855354713427,Moderate,0,1
"China, People's Republic of",2026,22.01729993301429,Extra Trees,0.0790634303040324,Low,0,4.413,23.009193486287284,22.01729993301429,Moderate,0,1
"Belarus, Republic of",2026,43.04573900710004,Extra Trees,0.0784920274622971,Low,0,1.22,10.95841895035587,43.04573900710004,Stable,0,1
Italy,2026,27.747069833319784,Extra Trees,0.0778079590217626,Low,0,0.521,24.746619838438367,27.747069833319784,Moderate,0,1
Ecuador,2026,33.67128267489678,Extra Trees,0.0744771038704391,Low,0,2.51,19.43239595826596,33.67128267489678,Moderate,0,1
Finland,2026,29.65720317258524,Extra Trees,0.0723760403277252,Low,0,1.047,22.82799671399478,29.657203172585238,Moderate,0,1
Togo,2026,29.04937937411613,Extra Trees,0.0696072544517868,Low,0,5.0,33.91739881590982,29.049379374116132,Unstable,0,1
St. Lucia,2026,39.68021734760229,Extra Trees,0.0671338827085182,Low,0,1.963,15.800734024573876,39.68021734760229,Stable,0,1
Mauritius,2026,34.88251442420851,Extra Trees,0.0670199412377011,Low,0,3.4,13.027788341244204,34.88251442420851,Stable,0,1
Malta,2026,27.776239209019813,Extra Trees,0.0658618089576204,Low,0,3.7,14.497139284180264,27.776239209019813,Stable,0,1
Turkmenistan,2026,20.21928836457624,Extra Trees,0.0645033923386694,Low,0,2.6,8.379492936433303,20.21928836457624,Stable,0,1
"Serbia, Republic of",2026,14.497298438019794,Extra Trees,0.063887653764475,Low,0,2.835,10.173626553183492,14.497298438019794,Stable,0,1
Iceland,2026,16.771839692198004,Extra Trees,0.0625053234690479,Low,0,1.902,16.976446345162206,16.771839692198004,Stable,0,1
"Bahamas, The",2026,38.33171499615016,Extra Trees,0.0622042832171634,Low,0,2.1,15.048878893653232,38.33171499615016,Stable,0,1
Barbados,2026,26.787160297673008,Extra Trees,0.061479544111621,Low,0,2.465,16.63146168953434,26.787160297673008,Stable,0,1
"Armenia, Republic of",2026,30.16593227536104,Extra Trees,0.0592344201733226,Low,0,5.3,9.122271483649714,30.165932275361037,Stable,0,1
Romania,2026,21.09938871368201,Extra Trees,0.0585335152132627,Low,0,0.694,15.527944928618163,21.09938871368201,Stable,0,1
Guinea-Bissau,2026,14.407120261573182,Extra Trees,0.0582142053661868,Low,0,4.9,14.580913692503724,14.407120261573182,Stable,0,1
"Kazakhstan, Republic of",2026,28.347769562980005,Extra Trees,0.0559108245215119,Low,0,4.609,17.877667377247036,28.347769562980005,Moderate,0,1
Israel,2026,27.334145185628746,Extra Trees,0.0508373612989111,Low,0,3.53,8.326735246700222,27.334145185628746,Stable,0,1
"Estonia, Republic of",2026,22.724175555358112,Extra Trees,0.0492060285536455,Low,0,1.429,23.77218391518584,22.724175555358112,Moderate,0,1
Portugal,2026,36.964104134819486,Extra Trees,0.0474544961792562,Low,0,1.93,25.230478937472643,36.964104134819486,Moderate,0,1
Paraguay,2026,33.13647354036849,Extra Trees,0.0467506990645838,Low,0,4.2,10.947223183038377,33.13647354036849,Stable,0,1
Russian Federation,2026,34.34046598020974,Extra Trees,0.0467388706610742,Low,0,1.091,8.220050060096382,34.34046598020974,Stable,0,1
"Slovenia, Republic of",2026,24.582812743475912,Extra Trees,0.0440630821470427,Low,0,2.0,13.448704071041274,24.582812743475912,Stable,0,1
Panama,2026,26.37038554785464,Extra Trees,0.0440602403266964,Low,0,3.84,15.738797088224564,26.37038554785464,Stable,0,1
"Mauritania, Islamic Republic of",2026,26.46154190196268,Extra Trees,0.0432694331325188,Low,0,4.417,14.799046119274191,26.46154190196268,Stable,0,1
Singapore,2026,24.144403207701828,Extra Trees,0.0421752080085668,Low,0,3.507,14.235739255083711,24.144403207701828,Stable,0,1
Mali,2026,24.292028942597256,Extra Trees,0.0419364785815281,Low,0,5.5,15.752512363922753,24.292028942597256,Stable,0,1
Brazil,2026,23.32505313441646,Extra Trees,0.0393669938830691,Low,0,1.911,11.874273291398756,23.32505313441646,Stable,0,1
Peru,2026,17.727991729845954,Extra Trees,0.0376630483100568,Low,0,2.82,12.270596032266807,17.727991729845954,Stable,0,1
El Salvador,2026,30.920400100570244,Extra Trees,0.0374921005481026,Low,0,3.3,25.574473689421417,30.920400100570244,Moderate,0,1
Morocco,2026,15.019401093623516,Extra Trees,0.0374550806608785,Low,0,4.872,14.221023074543366,15.019401093623516,Stable,0,1
Uganda,2026,15.099087140850264,Extra Trees,0.0368548546939804,Low,0,7.508,13.526727845945794,15.099087140850264,Stable,0,1
Austria,2026,23.74823210372113,Extra Trees,0.0366873765711493,Low,0,0.682,15.7418944349572,23.74823210372113,Stable,0,1
"Croatia, Republic of",2026,26.41766895928168,Extra Trees,0.0359553095848274,Low,0,2.638,14.411013952680705,26.417668959281677,Stable,0,1
Chile,2026,32.29424313827658,Extra Trees,0.0351421868480435,Low,0,2.396,9.39544417732759,32.29424313827658,Stable,0,1
Cambodia,2026,22.815574720032707,Extra Trees,0.0349911195372581,Low,0,4.022,10.255696466688391,22.815574720032707,Stable,0,1
Tunisia,2026,29.69236954745049,Extra Trees,0.0345978984943277,Low,0,2.113,22.838614691580418,29.69236954745049,Moderate,0,1
"Hong Kong Special Administrative Region, People's Republic of China",2026,18.694381604619046,Extra Trees,0.032730409870558,Low,0,2.42,12.742914283253691,18.694381604619046,Stable,0,1
United Kingdom,2026,23.74781579766009,Extra Trees,0.0318060006532049,Low,0,0.797,18.42692743801585,23.747815797660092,Moderate,0,1
Mexico,2026,14.48056567592892,Extra Trees,0.0294440487028206,Low,0,1.639,17.07826337989638,14.48056567592892,Stable,0,1
Belize,2026,29.670190619919328,Extra Trees,0.0289978870543974,Low,0,2.192,11.89071378289218,29.670190619919328,Stable,0,1
"Comoros, Union of the",2026,14.204284811734068,Extra Trees,0.0286453610810888,Low,0,4.083,12.32183484071376,14.204284811734068,Stable,0,1
Bosnia and Herzegovina,2026,23.774233197682072,Extra Trees,0.0280931214020734,Low,0,2.2,14.990241718736476,23.774233197682072,Stable,0,1
Namibia,2026,14.746737602524618,Extra Trees,0.027177800842218,Low,0,2.396,11.698712664933858,14.746737602524618,Stable,0,1
France,2026,8.79041941241222,Extra Trees,0.0270397342574201,Low,0,0.858,14.800625737082926,8.79041941241222,Stable,0,1
Vietnam,2026,20.61287842066747,Extra Trees,0.0258557468365753,Low,0,7.1,10.096963993201284,20.61287842066747,Stable,0,1
United Arab Emirates,2026,22.79305117678921,Extra Trees,0.0247133583423969,Low,0,3.143,17.026162151443945,22.79305117678921,Stable,0,1
Georgia,2026,25.52334961700704,Extra Trees,0.0240433029772242,Low,0,5.306,9.256170183074646,25.52334961700704,Stable,0,1
"Korea, Republic of",2026,14.75881375914606,Extra Trees,0.0232302110312262,Low,0,1.862,14.45717463068852,14.75881375914606,Stable,0,1
New Zealand,2026,18.034246167215287,Extra Trees,0.0231355868416621,Low,0,2.131,16.784982705831155,18.034246167215287,Stable,0,1
Canada,2026,16.552285212822657,Extra Trees,0.0229061496932911,Low,0,1.5,18.365409164217105,16.552285212822657,Moderate,0,1
Kenya,2026,11.531330738384932,Extra Trees,0.0212720541926437,Low,0,4.474,11.162265073062729,11.531330738384932,Stable,0,1
Denmark,2026,27.76347377842527,Extra Trees,0.0210147090631709,Low,0,2.0,17.219490610849263,27.76347377842527,Stable,0,1
Spain,2026,27.783221438213783,Extra Trees,0.0208730662026293,Low,0,2.09,19.178818150385275,27.783221438213783,Moderate,0,1
Albania,2026,24.446746890952763,Extra Trees,0.0208412418374521,Low,0,3.409,12.849372642899098,24.446746890952763,Stable,0,1
"Netherlands, The",2026,27.312914241076545,Extra Trees,0.0200489322590868,Low,0,1.233,12.540863697918244,27.312914241076545,Stable,0,1
"Uzbekistan, Republic of",2026,10.895327436918256,Extra Trees,0.0195840073575286,Low,0,6.474,8.449113583841843,10.895327436918256,Stable,0,1
Germany,2026,12.324242798130266,Extra Trees,0.0193331570015187,Low,0,0.791,8.723031627859953,12.324242798130266,Stable,0,1
"Madagascar, Republic of",2026,4.456775163879327,Extra Trees,0.0189853588330694,Low,0,3.636,6.324407007615931,4.456775163879327,Stable,0,1
Guatemala,2026,15.329017177104738,Extra Trees,0.0182016856890592,Low,0,3.94,14.873722213518972,15.329017177104738,Stable,0,1
Costa Rica,2026,24.42942325723488,Extra Trees,0.0180864977711172,Low,0,3.56,13.892216150298282,24.42942325723488,Stable,0,1
Philippines,2026,4.900439911460136,Extra Trees,0.0172207441597975,Low,0,4.066,10.629253326661953,4.900439911460136,Stable,0,1
Luxembourg,2026,18.68137051207454,Extra Trees,0.0165362086163466,Low,0,1.592,7.836977216954034,18.68137051207454,Stable,0,1
Bangladesh,2026,11.740284999347129,Extra Trees,0.0161147924544499,Low,0,4.693,11.273470963472148,11.740284999347129,Stable,0,1
Cameroon,2026,8.061034455730988,Extra Trees,0.0159170051724069,Low,0,3.344,9.156352745441463,8.061034455730988,Stable,0,1
Seychelles,2026,16.97786130644526,Extra Trees,0.0157817096653609,Low,0,1.521,11.818909281239948,16.97786130644526,Stable,0,1
United States,2026,22.300134537050663,Extra Trees,0.0156371959349286,Low,0,2.324,13.686426084762228,22.300134537050663,Stable,0,1
Sweden,2026,16.29121985102367,Extra Trees,0.0155653617042039,Low,0,1.963,3.9428699763378496,16.29121985102367,Stable,0,1
Thailand,2026,19.873300171243137,Extra Trees,0.0148583185046314,Low,0,1.5,8.215809214425265,19.873300171243137,Stable,0,1
Benin,2026,15.265822430143348,Extra Trees,0.0143228735001381,Low,0,6.972,13.984256809412887,15.265822430143348,Stable,0,1
India,2026,15.613843781966894,Extra Trees,0.0141773930544444,Low,0,6.478,11.814099090396148,15.613843781966894,Stable,0,1
Dominican Republic,2026,17.620876939803804,Extra Trees,0.0139995565754231,Low,0,3.72,8.668080188609125,17.620876939803804,Stable,0,1
"Kosovo, Republic of",2026,18.74640405323937,Extra Trees,0.0137530157480438,Low,0,3.3,11.293409316118703,18.74640405323937,Stable,0,1
Belgium,2026,18.42903830337953,Extra Trees,0.0137229815799421,Low,0,0.661,11.117977080423715,18.42903830337953,Stable,0,1
Switzerland,2026,2.206823747474339,Extra Trees,0.0132241791882401,Low,0,1.342,2.028194041159603,2.206823747474339,Stable,0,1
Uruguay,2026,15.219018727427851,Extra Trees,0.0131919391425598,Low,0,1.8,8.6945119734623,15.219018727427851,Stable,0,1
Malaysia,2026,11.785868424589086,Extra Trees,0.0130359010118761,Low,0,4.7,6.843213042381113,11.785868424589086,Stable,0,1
South Africa,2026,12.450592201723342,Extra Trees,0.0129254824991862,Low,0,1.049,11.25423837145213,12.450592201723342,Stable,0,1
Indonesia,2026,1.1319436950859003,Extra Trees,0.0125072325498004,Low,0,4.95,0.9869390442314064,1.1319436950859003,Stable,0,1
"Tanzania, United Republic of",2026,13.045699650178769,Extra Trees,0.0123649138888058,Low,0,5.94,10.921391007476052,13.045699650178769,Stable,0,1
Jordan,2026,5.35087812664641,Extra Trees,0.0116772162284141,Low,0,2.748,3.826651861056798,5.35087812664641,Stable,0,1
Australia,2026,16.06024431563508,Extra Trees,0.0113874315765598,Low,0,2.009,19.425494057245476,16.06024431563508,Moderate,0,1
