COUNTRY,YEAR,Crisis_Probability,Risk_Level,Early_Warning_Flag,Crisis_Flag,Stability_Category,GDP_Growth,Instability_Index,Prediction_Correct
"South Sudan, Republic of",2024,0.9701949108459484,High,1,1,Crisis,-26.141,91.07743837912234,1
Ukraine,2024,0.9669178430477584,High,1,1,Crisis,3.248,74.4419671819259,1
Cabo Verde,2024,0.9364281255797998,High,1,1,Crisis,7.244,79.78601561921457,1
Mongolia,2024,0.920470530247536,High,1,1,Crisis,5.122,61.931888892935326,1
Sudan,2024,0.9106606910741052,High,1,1,Crisis,-23.363,65.93698458765168,1
"Venezuela, República Bolivariana de",2024,0.8746414832190945,High,1,1,Crisis,5.298,68.27491251464907,1
"Palau, Republic of",2024,0.8660428000588986,High,1,1,Crisis,12.006,89.22797739814241,1
"Bahamas, The",2024,0.8573125493838697,High,1,1,Crisis,3.379,57.13416267676612,1
Oman,2024,0.8476889919989409,High,1,0,Unstable,1.634,48.73866880192222,0
Lebanon,2024,0.8284539316822975,High,1,1,Crisis,-7.5,80.0011180140304,1
Greece,2024,0.820911563386657,High,1,1,Crisis,2.087,61.27106063150581,1
Seychelles,2024,0.8197035300606621,High,1,0,Unstable,3.351,42.45558001817393,0
Sri Lanka,2024,0.8087417755551995,High,1,1,Crisis,5.009,76.74529672085356,1
St. Lucia,2024,0.7993465339325156,High,1,1,Crisis,4.688,58.47975308705102,1
"Equatorial Guinea, Republic of",2024,0.7901639866775527,High,1,0,Unstable,0.882,51.30152607989566,0
Argentina,2024,0.7801351948243551,High,1,1,Crisis,-1.343,71.68648528901508,1
Zambia,2024,0.7759892971040356,High,1,0,Unstable,3.82,44.9532106357972,0
Angola,2024,0.7731779552376599,High,1,0,Unstable,4.953,52.12139126350135,0
Guyana,2024,0.768527828162511,High,1,1,Crisis,43.776,58.3445274660989,1
Kiribati,2024,0.7601420476187178,High,1,1,Crisis,4.629,56.005967034613285,1
Montenegro,2024,0.7548401871968597,High,1,1,Crisis,3.164,62.24945028910691,1
Suriname,2024,0.7494395885509345,High,1,1,Crisis,1.721,61.25395838178373,1
"Croatia, Republic of",2024,0.7489741195923285,High,1,1,Crisis,3.827,55.893176487553134,1
Dominica,2024,0.748425086536223,High,1,1,Crisis,3.539,56.31312657433729,1
Qatar,2024,0.746787796025003,High,1,0,Unstable,2.36,37.80227588502334,0
"Azerbaijan, Republic of",2024,0.7462438880800547,High,1,1,Crisis,4.156,57.04020792493245,1
Maldives,2024,0.7385110478458312,High,1,0,Unstable,3.072,46.06792959378454,0
Libya,2024,0.7337464627046224,High,1,1,Crisis,4.19,54.745704339048906,1
Senegal,2024,0.7183720399503667,High,1,1,Crisis,6.143,60.93312669429282,1
"Bahrain, Kingdom of",2024,0.7070186746038966,High,1,0,Unstable,2.897,41.96519682375645,0
Ghana,2024,0.6995747458072187,High,1,1,Crisis,5.847,71.14156014333946,1
Cyprus,2024,0.6860580048425632,High,1,1,Crisis,3.941,52.90162686756416,1
Chile,2024,0.6831858561574407,High,1,0,Unstable,2.644,46.1222098690674,0
Hungary,2024,0.6825941237074322,High,1,0,Unstable,0.56,45.62519843719463,0
Colombia,2024,0.6689399518375392,High,1,1,Crisis,1.493,58.252722387219485,1
Burkina Faso,2024,0.6535023660340332,High,1,0,Unstable,4.8,50.06974846911682,0
Chad,2024,0.651310289089619,High,1,0,Unstable,5.013,36.77068743618127,0
"Lithuania, Republic of",2024,0.6464704391215575,High,1,0,Unstable,2.983,46.23134517236221,0
Kuwait,2024,0.6450996277286833,High,1,0,Moderate,-1.474,32.80135061348251,0
Norway,2024,0.6428186782716694,High,1,1,Crisis,1.424,60.44116865098436,1
"Mauritania, Islamic Republic of",2024,0.6426168425940854,High,1,0,Unstable,6.308,36.0823850601959,0
"Türkiye, Republic of",2024,0.6419371964058772,High,1,0,Unstable,3.328,52.43175153550527,0
Lao People's Democratic Republic,2024,0.6370958558967438,High,1,1,Crisis,4.299,64.25197293526573,1
Kyrgyz Republic,2024,0.6357978000853933,High,1,1,Crisis,11.54,54.081659429270886,1
"Moldova, Republic of",2024,0.6194003792953588,High,1,0,Unstable,0.3,39.36935089091373,0
Russian Federation,2024,0.6192299187907588,High,1,0,Moderate,4.922,31.494104900555868,0
"Belarus, Republic of",2024,0.6157792623358372,High,1,0,Unstable,4.35,33.75195918859413,0
Georgia,2024,0.6095290014148251,High,1,0,Unstable,9.68,39.19338921855098,0
Malta,2024,0.6074544295548444,High,1,0,Unstable,6.213,44.45720120453446,0
"Armenia, Republic of",2024,0.5978976299962925,Moderate,0,0,Unstable,5.857,39.30681616358058,1
Slovak Republic,2024,0.5929974635590259,Moderate,0,0,Unstable,1.939,39.07273870991583,1
Ireland,2024,0.5864812250504203,Moderate,0,1,Crisis,2.599,62.6666434179364,0
Nicaragua,2024,0.5804005916219772,Moderate,0,0,Unstable,3.581,52.39178518412101,1
Belize,2024,0.5760620698351266,Moderate,0,0,Unstable,3.505,45.7937429070738,1
"Congo, Republic of",2024,0.5722207216149503,Moderate,0,0,Moderate,2.112,32.984328865006084,1
Saudi Arabia,2024,0.5585713434923955,Moderate,0,0,Moderate,2.649,31.79740190883413,1
"Afghanistan, Islamic Republic of",2024,0.5579476312857407,Moderate,0,0,Unstable,1.873,39.95847607222888,1
"Mozambique, Republic of",2024,0.5566561820711833,Moderate,0,0,Unstable,2.149,39.514544833305415,1
Mauritius,2024,0.5480902890383467,Moderate,0,0,Unstable,4.925,44.84502459466265,1
"Lesotho, Kingdom of",2024,0.5456206960993316,Moderate,0,0,Unstable,4.9,46.55345638675192,1
Turkmenistan,2024,0.5425890618953408,Moderate,0,0,Unstable,3.417,34.34830066424931,1
Myanmar,2024,0.54178355568521,Moderate,0,0,Unstable,-0.972,45.54082362771382,1
Portugal,2024,0.5241368896399379,Moderate,0,0,Unstable,2.215,47.96832962444874,1
Italy,2024,0.5175599995904397,Moderate,0,0,Unstable,0.783,45.68848458650293,1
"Poland, Republic of",2024,0.5161300568319079,Moderate,0,0,Unstable,3.028,49.49725982777934,1
Bhutan,2024,0.513883719094444,Moderate,0,0,Unstable,6.098,48.53198961739863,1
"Estonia, Republic of",2024,0.5105148853071413,Moderate,0,0,Unstable,-0.09,40.60938528684363,1
"Tajikistan, Republic of",2024,0.5022114763767269,Moderate,0,0,Unstable,8.417,39.66067993744474,1
"Kazakhstan, Republic of",2024,0.496630484507135,Moderate,0,0,Unstable,5.0,34.84110697194613,1
Botswana,2024,0.496310758831518,Moderate,0,1,Crisis,-2.99,58.22309444324324,0
"Slovenia, Republic of",2024,0.495909678292395,Moderate,0,0,Unstable,1.731,42.610818975075816,1
Albania,2024,0.490546818382518,Moderate,0,0,Unstable,4.046,41.53992167200399,1
Burundi,2024,0.4873013857600148,Moderate,0,1,Crisis,4.149,63.61375074593931,0
Honduras,2024,0.4842810894210973,Moderate,0,0,Moderate,3.554,28.84159065028376,1
Algeria,2024,0.4682697486479133,Moderate,0,0,Unstable,3.7,39.31512211109524,1
"Latvia, Republic of",2024,0.4539436326014712,Moderate,0,0,Unstable,-0.037,37.76374869589922,1
Malawi,2024,0.4496842969451053,Moderate,0,0,Unstable,1.673,46.56640903352169,1
Singapore,2024,0.4484209912070795,Moderate,0,0,Unstable,5.344,42.52526720281556,1
Trinidad and Tobago,2024,0.445542159135208,Moderate,0,0,Unstable,2.509,44.500635548778575,1
"Netherlands, The",2024,0.424199840591289,Moderate,0,0,Moderate,1.08,32.02023586042552,1
Iceland,2024,0.4098455180578653,Moderate,0,0,Unstable,-1.283,37.30028763628656,1
Cambodia,2024,0.4098361685063302,Moderate,0,0,Moderate,6.02,26.440952162783443,1
Pakistan,2024,0.4075383406117752,Moderate,0,0,Unstable,2.634,50.48398382153887,1
El Salvador,2024,0.4043701770117211,Moderate,0,0,Moderate,2.602,33.430436243196624,1
"São Tomé and Príncipe, Democratic Republic of",2024,0.3958822322738343,Moderate,0,0,Unstable,1.11,48.44570016231851,1
Nepal,2024,0.3855298251786359,Moderate,0,0,Unstable,3.665,36.31588329895161,1
Solomon Islands,2024,0.3821367324499629,Moderate,0,0,Moderate,2.998,32.44796232087775,1
Denmark,2024,0.3785181345810907,Moderate,0,0,Unstable,3.479,39.95573321497978,1
"Kosovo, Republic of",2024,0.37760583047466,Moderate,0,0,Moderate,4.572,26.718581211461647,1
West Bank and Gaza,2024,0.3766109299176968,Moderate,0,1,Crisis,-22.857,64.00105494005533,0
United Kingdom,2024,0.3730753019641186,Moderate,0,0,Unstable,1.088,36.2479926778527,1
Israel,2024,0.3725641832841422,Moderate,0,0,Unstable,0.954,37.8531374294624,1
"North Macedonia, Republic of",2024,0.3701573673985503,Moderate,0,0,Unstable,2.994,37.75301263304885,1
Spain,2024,0.3664102493346812,Moderate,0,0,Unstable,3.455,38.08130195830929,1
Bolivia,2024,0.3648018372498799,Moderate,0,0,Unstable,-1.123,41.16351173594804,1
Paraguay,2024,0.3635341066180655,Moderate,0,0,Moderate,4.669,31.768485425161167,1
Bosnia and Herzegovina,2024,0.3576177726017896,Moderate,0,0,Moderate,3.227,27.721705376353604,1
United Arab Emirates,2024,0.3566751689485515,Moderate,0,0,Moderate,3.992,27.53108966031683,1
St. Vincent and the Grenadines,2024,0.3511099916174604,Moderate,0,0,Unstable,4.5,43.773291245241865,1
"Serbia, Republic of",2024,0.3484298201990798,Moderate,0,0,Moderate,3.95,30.19877881267438,1
Brunei Darussalam,2024,0.3449163702642148,Moderate,0,0,Moderate,4.053,33.437568338514915,1
Czech Republic,2024,0.3416690918729116,Moderate,0,0,Unstable,1.251,36.87368382534377,1
United States,2024,0.3275874039301923,Moderate,0,0,Moderate,2.793,26.752393099572643,1
Thailand,2024,0.3196027174634797,Moderate,0,0,Moderate,2.945,20.89602113714996,1
Jamaica,2024,0.3182223837577699,Moderate,0,0,Moderate,-0.535,32.610283391963506,1
Guinea,2024,0.310583475501898,Moderate,0,0,Unstable,6.073,33.71604966757827,1
Liberia,2024,0.2925015459946753,Low,0,0,Moderate,4.014,33.11738536448616,1
"Ethiopia, The Federal Democratic Republic of",2024,0.2897008957131811,Low,0,0,Unstable,8.051,39.163886707492566,1
"Eswatini, Kingdom of",2024,0.2814901874196318,Low,0,0,Moderate,2.974,21.04202291805044,1
Brazil,2024,0.2767626735948184,Low,0,0,Moderate,3.419,22.847320979292288,1
Vietnam,2024,0.2752253965455833,Low,0,0,Moderate,6.952,26.3111512122032,1
Gabon,2024,0.2731566933840487,Low,0,0,Moderate,3.387,27.39935741310804,1
"Hong Kong Special Administrative Region, People's Republic of China",2024,0.2666881391707501,Low,0,0,Unstable,2.629,33.7255490486233,1
Austria,2024,0.2660966344144207,Low,0,0,Unstable,-0.659,35.82992085047319,1
Costa Rica,2024,0.2647936600109155,Low,0,0,Moderate,4.083,25.06841702671248,1
Haiti,2024,0.2530278920118234,Low,0,1,Crisis,-4.185,55.71334222627438,0
"Gambia, The",2024,0.2529242330041365,Low,0,0,Moderate,5.551,30.35170418493121,1
Belgium,2024,0.2451213600840484,Low,0,0,Moderate,1.071,22.40393722816445,1
Sierra Leone,2024,0.2379052518260732,Low,0,0,Moderate,4.293,27.567405796680493,1
Luxembourg,2024,0.2364565687840604,Low,0,0,Moderate,0.359,25.839665052408854,1
Canada,2024,0.2244508230355122,Low,0,0,Moderate,2.046,31.2840613872984,1
Guinea-Bissau,2024,0.2202707892680497,Low,0,0,Moderate,4.8,20.802101718103568,1
Nigeria,2024,0.2193787006986101,Low,0,0,Unstable,4.071,47.70006362750385,1
Djibouti,2024,0.2178510394540495,Low,0,0,Moderate,6.98,22.538599124997088,1
Bulgaria,2024,0.2129614844342778,Low,0,0,Moderate,3.387,24.178528747363085,1
Namibia,2024,0.2110937977908028,Low,0,0,Moderate,3.712,17.799223438790595,1
Peru,2024,0.2105841931766962,Low,0,0,Moderate,3.514,30.951113221947107,1
Dominican Republic,2024,0.2066135327785969,Low,0,0,Moderate,4.954,21.16936562217031,1
Ecuador,2024,0.2010413340716072,Low,0,0,Unstable,-1.944,39.96064417685879,1
Australia,2024,0.1987557848715701,Low,0,0,Moderate,1.004,32.00728660924171,1
Rwanda,2024,0.1947993217407722,Low,0,0,Moderate,7.207,21.580424734169743,1
"Egypt, Arab Republic of",2024,0.1868626363549923,Low,0,0,Unstable,2.399,40.41185877938871,1
"Comoros, Union of the",2024,0.1802258935769398,Low,0,0,Moderate,3.339,24.983142253571657,1
"Iran, Islamic Republic of",2024,0.1718425206700413,Low,0,0,Moderate,3.663,28.9393048472072,1
Japan,2024,0.1643881041827524,Low,0,0,Unstable,-0.242,39.72295450709562,1
Panama,2024,0.1626361285557462,Low,0,0,Unstable,2.748,38.14279329564235,1
Tunisia,2024,0.1620891336209051,Low,0,0,Moderate,1.636,31.08659849997596,1
Niger,2024,0.1615256160585095,Low,0,0,Unstable,10.3,52.61837077624391,1
Romania,2024,0.1552055991723643,Low,0,0,Moderate,0.916,32.6629190490373,1
"Congo, Democratic Republic of the",2024,0.1457697612171879,Low,0,0,Stable,6.064,16.797449685626294,1
Papua New Guinea,2024,0.135129356390495,Low,0,0,Moderate,3.888,31.0201990123945,1
Morocco,2024,0.132085385170903,Low,0,0,Moderate,3.793,26.39807087084233,1
Finland,2024,0.1258217019020767,Low,0,0,Moderate,0.375,24.070161032196616,1
Sweden,2024,0.1160629758300948,Low,0,0,Moderate,1.018,25.80018151152774,1
Barbados,2024,0.1128495739016694,Low,0,0,Moderate,3.367,31.42491998119997,1
"China, People's Republic of",2024,0.1059730917722076,Low,0,0,Moderate,5.003,23.020792074326923,1
Mali,2024,0.0934762495383805,Low,0,0,Moderate,5.017,19.130625522493137,1
Germany,2024,0.0845938930879704,Low,0,0,Moderate,-0.496,20.522454834876584,1
Switzerland,2024,0.0761249153870589,Low,0,0,Stable,1.389,16.616591845093108,1
Central African Republic,2024,0.0758275249010379,Low,0,0,Stable,3.099,16.320978823859353,1
France,2024,0.0648507373536642,Low,0,0,Moderate,1.107,25.91711298316646,1
Malaysia,2024,0.0613207989555215,Low,0,0,Stable,5.105,13.343854710728085,1
Uganda,2024,0.0580191132477893,Low,0,0,Stable,5.998,13.357585619698382,1
South Africa,2024,0.0549692540719412,Low,0,0,Stable,0.535,16.481717077983333,1
Togo,2024,0.0521562104863181,Low,0,0,Moderate,6.319,26.284387448616,1
Benin,2024,0.0504379784306736,Low,0,0,Moderate,7.453,18.09017536719708,1
Guatemala,2024,0.0485864345661766,Low,0,0,Moderate,3.652,24.1147139227001,1
Uruguay,2024,0.0461666274708034,Low,0,0,Moderate,3.326,19.995982822550225,1
Côte d'Ivoire,2024,0.0441410710567598,Low,0,0,Moderate,6.02,19.498338687736045,1
Taiwan Province of China,2024,0.0417427017851074,Low,0,0,Unstable,5.267,33.736109293793234,1
"Madagascar, Republic of",2024,0.0412262799091884,Low,0,0,Stable,4.323,9.002655236785786,1
New Zealand,2024,0.0394540094359313,Low,0,0,Moderate,-0.287,22.1638370643596,1
"Uzbekistan, Republic of",2024,0.038261960817495,Low,0,0,Stable,6.676,11.745196623922826,1
Cameroon,2024,0.0374587551682844,Low,0,0,Stable,3.525,16.57979357357865,1
Kenya,2024,0.028042686954773,Low,0,0,Moderate,4.725,19.83341806935714,1
Philippines,2024,0.0269436566454854,Low,0,0,Stable,5.692,7.774136271428835,1
India,2024,0.0251090376862163,Low,0,0,Stable,7.099,10.911781808691044,1
Jordan,2024,0.0246983271240609,Low,0,0,Stable,2.556,6.420257184168003,1
Mexico,2024,0.0246577860040641,Low,0,0,Stable,1.351,17.453861810408398,1
Bangladesh,2024,0.0232951667879972,Low,0,0,Stable,4.223,10.923306290090848,1
Indonesia,2024,0.020309478263059,Low,0,0,Stable,5.033,2.438592248142948,1
"Tanzania, United Republic of",2024,0.0201509299255384,Low,0,0,Stable,5.463,11.672215300549729,1
"Korea, Republic of",2024,0.0185502942592592,Low,0,0,Stable,2.004,14.86789091344036,1
"South Sudan, Republic of",2025,0.9722209726524206,High,1,1,Crisis,46.094,87.73898607139688,1
Lebanon,2025,0.962371356253364,High,1,1,Crisis,4.0,89.97993532171395,1
"Palau, Republic of",2025,0.9287451100577588,High,1,1,Crisis,6.324,72.38629993085416,1
Sudan,2025,0.9115054291187382,High,1,1,Crisis,3.225,77.01457352466377,1
Ukraine,2025,0.9086284968612994,High,1,1,Crisis,1.8,73.25652031690221,1
Argentina,2025,0.8755752210227135,High,1,1,Crisis,4.367,69.48000355318251,1
Burundi,2025,0.8635230354956083,High,1,1,Crisis,3.904,71.39008425811619,1
Cabo Verde,2025,0.8602978003082209,High,1,1,Crisis,5.513,69.16026905505386,1
Botswana,2025,0.8302067154157461,High,1,1,Crisis,-0.887,58.190094026412005,1
Norway,2025,0.7458373299063339,High,1,1,Crisis,1.085,58.1334514663056,1
Senegal,2025,0.726967265342031,High,1,1,Crisis,7.881,59.0901143265092,1
Ghana,2025,0.7214615560963179,High,1,1,Crisis,5.954,71.85105480392748,1
Libya,2025,0.7209208671826272,High,1,0,Unstable,15.871,50.08325690988374,0
Mongolia,2025,0.715698689386528,High,1,0,Unstable,6.844,36.893531104434736,0
Suriname,2025,0.7147414566097889,High,1,1,Crisis,1.511,61.58891738143003,1
"São Tomé and Príncipe, Democratic Republic of",2025,0.6922537968325669,High,1,1,Crisis,2.1,55.43288735614684,1
Montenegro,2025,0.6896039917363893,High,1,0,Unstable,2.7,46.911206836623,0
Lao People's Democratic Republic,2025,0.6810769107946906,High,1,1,Crisis,4.772,65.14144901871556,1
Haiti,2025,0.6794858001608913,High,1,1,Crisis,-2.713,59.29704666962655,1
Ireland,2025,0.6776752076593608,High,1,1,Crisis,12.338,67.14566874169897,1
Kiribati,2025,0.677030101986351,High,1,0,Unstable,4.288,42.194139650376414,0
"Equatorial Guinea, Republic of",2025,0.671677756704001,High,1,0,Unstable,-6.358,47.48374769766722,0
"Azerbaijan, Republic of",2025,0.6481983714511935,High,1,0,Unstable,1.4,40.47113141480863,0
"Venezuela, República Bolivariana de",2025,0.6469068995001165,High,1,1,Crisis,1.533,55.07200720327623,1
Kyrgyz Republic,2025,0.6456307987676883,High,1,0,Unstable,11.096,43.33635272367171,0
Trinidad and Tobago,2025,0.6420888618062184,High,1,0,Unstable,0.782,36.53019957169886,0
Angola,2025,0.6344114051024953,High,1,0,Unstable,3.13,51.64780235934001,0
Guyana,2025,0.6324366180962374,High,1,0,Unstable,19.309,50.58736216718584,0
"Afghanistan, Islamic Republic of",2025,0.6143307532292549,High,1,0,Unstable,3.004,34.216065211905565,0
"Lesotho, Kingdom of",2025,0.5912786119413361,Moderate,0,0,Unstable,1.385,47.57005161372592,1
Niger,2025,0.5911464644799667,Moderate,0,0,Unstable,6.9,45.542375191991326,1
Zambia,2025,0.5860118012997043,Moderate,0,0,Unstable,3.758,34.249754152884385,1
"Bahrain, Kingdom of",2025,0.5788565746599159,Moderate,0,0,Unstable,3.109,46.22271321918903,1
Bhutan,2025,0.5445375554463568,Moderate,0,0,Unstable,7.123,34.80066216762199,1
Nigeria,2025,0.4979312269676805,Moderate,0,0,Unstable,4.013,45.038874053674384,1
Dominica,2025,0.4968211160807122,Moderate,0,0,Unstable,4.542,45.856300320132746,1
Hungary,2025,0.4875097458363035,Moderate,0,0,Moderate,0.409,31.111684637671868,1
"Mozambique, Republic of",2025,0.4862257800529562,Moderate,0,0,Unstable,-0.524,45.5177033656788,1
Pakistan,2025,0.4843739010113362,Moderate,0,0,Unstable,3.093,39.2583270067593,1
"Bahamas, The",2025,0.4794141595492979,Moderate,0,0,Unstable,2.8,38.33171499615047,1
"Belarus, Republic of",2025,0.4749273806092507,Moderate,0,0,Unstable,1.263,43.04573900709998,1
Greece,2025,0.4726413907483124,Moderate,0,0,Unstable,2.073,42.1948385025179,1
Algeria,2025,0.4657503173603249,Moderate,0,0,Unstable,3.822,52.20090444965937,1
Guinea,2025,0.4599423197267942,Moderate,0,0,Unstable,6.687,37.9344853170811,1
St. Lucia,2025,0.4530770442296699,Moderate,0,0,Unstable,1.654,39.68021734760229,1
Nicaragua,2025,0.4416670221909321,Moderate,0,0,Unstable,4.924,41.09006100041102,1
Mauritius,2025,0.4412094724891624,Moderate,0,0,Unstable,3.1,34.882514424208686,1
St. Vincent and the Grenadines,2025,0.439853975789338,Moderate,0,0,Unstable,3.39,47.06134827005989,1
Russian Federation,2025,0.4265075443529173,Moderate,0,0,Unstable,0.981,34.34046598020996,1
"Lithuania, Republic of",2025,0.4264070715571511,Moderate,0,0,Unstable,2.858,36.32955235295208,1
Maldives,2025,0.4204703014988095,Moderate,0,1,Crisis,5.031,57.21668311047016,0
Chile,2025,0.4194303172225976,Moderate,0,0,Moderate,2.292,32.294243138276784,1
"Moldova, Republic of",2025,0.4102465872452773,Moderate,0,0,Moderate,2.416,27.16335622313223,1
Malawi,2025,0.4062999076217795,Moderate,0,0,Unstable,2.087,44.88278357126959,1
Saudi Arabia,2025,0.391197969762614,Moderate,0,0,Unstable,4.502,42.27540430230114,1
"Türkiye, Republic of",2025,0.3834937226464128,Moderate,0,0,Moderate,3.605,32.43297403669775,1
"Congo, Republic of",2025,0.3761254692775321,Moderate,0,0,Moderate,2.367,32.14917477964099,1
Colombia,2025,0.3736805841422284,Moderate,0,0,Moderate,2.642,26.029189982767274,1
Burkina Faso,2025,0.371773866894509,Moderate,0,1,Crisis,4.995,53.5015588540382,0
Malta,2025,0.3684490201907969,Moderate,0,0,Moderate,3.962,27.77623920901985,1
"Armenia, Republic of",2025,0.3631033374823468,Moderate,0,0,Moderate,7.162,30.165932275361037,1
Qatar,2025,0.3571467873826633,Moderate,0,0,Moderate,2.798,25.157287545216807,1
Slovak Republic,2025,0.3541846107068542,Moderate,0,0,Moderate,0.807,29.700319280643253,1
"Poland, Republic of",2025,0.3498439304048888,Moderate,0,0,Moderate,3.573,32.84017661402756,1
Oman,2025,0.3491281235019609,Moderate,0,0,Moderate,2.396,28.404746092669,1
Cyprus,2025,0.3472750687267588,Moderate,0,0,Moderate,3.767,32.90326645107427,1
Solomon Islands,2025,0.3465869155630116,Moderate,0,0,Moderate,2.679,26.219530712515624,1
Brunei Darussalam,2025,0.3356298855745393,Moderate,0,0,Moderate,0.6,25.75948623509965,1
"Croatia, Republic of",2025,0.3203670229273459,Moderate,0,0,Moderate,3.154,26.417668959282096,1
"Ethiopia, The Federal Democratic Republic of",2025,0.3196654208955591,Moderate,0,0,Unstable,9.151,49.70854945618266,1
Bolivia,2025,0.306831688838853,Moderate,0,0,Unstable,-1.2,45.03259926016476,1
"Egypt, Arab Republic of",2025,0.3035777763505891,Moderate,0,0,Unstable,4.392,34.41538660547678,1
Italy,2025,0.3013315405106631,Moderate,0,0,Moderate,0.54,27.74706983331999,1
Kuwait,2025,0.2943770715662137,Low,0,0,Unstable,3.468,43.23177449008282,1
Portugal,2025,0.2907358452928499,Low,0,0,Unstable,1.864,36.96410413481959,1
Belize,2025,0.2824865201840248,Low,0,0,Moderate,2.747,29.670190619919328,1
Liberia,2025,0.2706368196697032,Low,0,0,Moderate,5.14,23.85361892037777,1
Myanmar,2025,0.2680241149178613,Low,0,0,Moderate,-1.964,26.47560688607845,1
"Slovenia, Republic of",2025,0.2572066630209008,Low,0,0,Moderate,1.06,24.582812743476072,1
"Kazakhstan, Republic of",2025,0.254749636524349,Low,0,0,Moderate,6.485,28.34776956298017,1
Israel,2025,0.254319422638041,Low,0,0,Moderate,2.931,27.33414518562885,1
Turkmenistan,2025,0.2528748099556339,Low,0,0,Moderate,3.576,20.21928836457624,1
"Tajikistan, Republic of",2025,0.2455234054110911,Low,0,0,Moderate,8.4,32.92901578941237,1
Czech Republic,2025,0.2436331286271292,Low,0,0,Moderate,2.548,29.06001111326053,1
Nepal,2025,0.2373515015073054,Low,0,0,Moderate,4.604,26.86556130573162,1
"North Macedonia, Republic of",2025,0.2338353707351766,Low,0,0,Moderate,3.487,29.76050614628277,1
Paraguay,2025,0.2236892108267042,Low,0,0,Moderate,6.0,33.13647354036863,1
"Mauritania, Islamic Republic of",2025,0.2136804320673008,Low,0,0,Moderate,4.215,26.461541901962853,1
Chad,2025,0.204500690285308,Low,0,0,Moderate,5.606,23.25907597275579,1
Singapore,2025,0.2020118912222239,Low,0,0,Moderate,5.023,24.144403207701853,1
Cambodia,2025,0.1966182938262919,Low,0,0,Moderate,5.013,22.81557472003277,1
Jamaica,2025,0.1947832658800103,Low,0,0,Moderate,-0.06,31.93633988624759,1
Austria,2025,0.1926248221470552,Low,0,0,Moderate,0.616,23.74823210372126,1
Gabon,2025,0.1911806466571335,Low,0,0,Unstable,2.512,43.37992031505493,1
Ecuador,2025,0.191085579369868,Low,0,0,Unstable,3.726,33.67128267489678,1
"Estonia, Republic of",2025,0.1863477171742082,Low,0,0,Moderate,0.584,22.724175555358112,1
"Latvia, Republic of",2025,0.1775469414377962,Low,0,0,Moderate,2.138,27.479017040623404,1
"Netherlands, The",2025,0.1695605289283319,Low,0,0,Moderate,1.856,27.312914241076545,1
Albania,2025,0.1623427234919045,Low,0,0,Moderate,3.705,24.446746890953023,1
Sierra Leone,2025,0.1614756888414426,Low,0,0,Moderate,4.377,20.248789955055656,1
Georgia,2025,0.1580114498393756,Low,0,0,Moderate,7.462,25.52334961700704,1
Panama,2025,0.15294767150302,Low,0,0,Moderate,4.35,26.37038554785464,1
Romania,2025,0.1469611105925586,Low,0,0,Moderate,0.665,21.099388713681908,1
"Hong Kong Special Administrative Region, People's Republic of China",2025,0.1427868625103239,Low,0,0,Moderate,3.488,18.694381604619046,1
El Salvador,2025,0.1427464981057674,Low,0,0,Moderate,3.7,30.920400100570383,1
Barbados,2025,0.1409870308347462,Low,0,0,Moderate,2.743,26.787160297672944,1
"Serbia, Republic of",2025,0.1406245882139313,Low,0,0,Stable,2.03,14.497298438019802,1
Iceland,2025,0.135118648016086,Low,0,0,Stable,1.279,16.77183969219797,1
"Eswatini, Kingdom of",2025,0.1342912092811842,Low,0,0,Moderate,3.613,29.451908571876828,1
Thailand,2025,0.1330915499484821,Low,0,0,Moderate,2.413,19.87330017124327,1
United Kingdom,2025,0.1324014885308111,Low,0,0,Moderate,1.323,23.74781579766026,1
"Iran, Islamic Republic of",2025,0.1309089962961887,Low,0,0,Unstable,-1.525,48.887380225686165,1
Papua New Guinea,2025,0.1300533985815073,Low,0,0,Moderate,5.637,30.92550119354492,1
Peru,2025,0.1270024587593147,Low,0,0,Moderate,3.439,17.727991729846067,1
Finland,2025,0.1233663394644915,Low,0,0,Moderate,0.173,29.65720317258546,1
Denmark,2025,0.1229683228810136,Low,0,0,Moderate,2.879,27.76347377842546,1
Tunisia,2025,0.1193984068944167,Low,0,0,Moderate,2.493,29.69236954745049,1
Japan,2025,0.1154989298581544,Low,0,0,Unstable,1.193,43.01359130139352,1
Seychelles,2025,0.115096428909269,Low,0,0,Stable,5.092,16.977861306445217,1
Spain,2025,0.1116710086641221,Low,0,0,Moderate,2.766,27.783221438213957,1
"Gambia, The",2025,0.1091322609144586,Low,0,0,Moderate,6.004,26.86667332419018,1
Bulgaria,2025,0.1026990347587219,Low,0,0,Stable,3.096,17.36143242880256,1
Bosnia and Herzegovina,2025,0.1001303501197643,Low,0,0,Moderate,2.0,23.774233197682072,1
"Comoros, Union of the",2025,0.0971115720478698,Low,0,0,Stable,3.776,14.204284811734258,1
Central African Republic,2025,0.0970629627457032,Low,0,0,Moderate,4.801,25.04170356459296,1
Vietnam,2025,0.0969376164956456,Low,0,0,Moderate,8.019,20.61287842066747,1
United Arab Emirates,2025,0.0926542831050259,Low,0,0,Moderate,5.804,22.79305117678923,1
"Congo, Democratic Republic of the",2025,0.0874509639364481,Low,0,0,Moderate,5.746,20.614855354713427,1
"Kosovo, Republic of",2025,0.0864390997343813,Low,0,0,Moderate,3.591,18.74640405323937,1
Belgium,2025,0.0841377739788402,Low,0,0,Moderate,0.972,18.42903830337953,1
United States,2025,0.0828810478171127,Low,0,0,Moderate,2.117,22.30013453705076,1
Rwanda,2025,0.081903617733978,Low,0,0,Moderate,6.978,19.39484841607829,1
Mali,2025,0.0773627371839683,Low,0,0,Moderate,4.9,24.292028942597256,1
Costa Rica,2025,0.076996563213438,Low,0,0,Moderate,4.56,24.42942325723488,1
"China, People's Republic of",2025,0.073287415503172,Low,0,0,Moderate,4.959,22.01729993301465,1
Luxembourg,2025,0.0728372206594286,Low,0,0,Moderate,0.638,18.68137051207469,1
Djibouti,2025,0.061017323224525,Low,0,0,Moderate,6.0,22.288533169338294,1
Brazil,2025,0.0589808229310595,Low,0,0,Moderate,2.286,23.325053134416567,1
Honduras,2025,0.0572146537612366,Low,0,0,Moderate,3.7,22.21338651399647,1
Sweden,2025,0.0566753536919583,Low,0,0,Stable,1.543,16.291219851023804,1
Morocco,2025,0.0555615626913989,Low,0,0,Stable,4.9,15.019401093623658,1
Canada,2025,0.0553672308228858,Low,0,0,Stable,1.743,16.552285212822706,1
Germany,2025,0.0538581129552285,Low,0,0,Stable,0.24,12.324242798130404,1
Uruguay,2025,0.0475136633112762,Low,0,0,Stable,1.785,15.219018727427985,1
Taiwan Province of China,2025,0.0426319506097669,Low,0,0,Unstable,8.676,36.27578881186016,1
Côte d'Ivoire,2025,0.0400840711692038,Low,0,0,Stable,6.5,16.84140733608808,1
Dominican Republic,2025,0.03639081817764,Low,0,0,Moderate,2.117,17.620876939803917,1
New Zealand,2025,0.0357424272240795,Low,0,0,Moderate,0.176,18.034246167215336,1
Namibia,2025,0.0350802487313602,Low,0,0,Stable,2.44,14.746737602524618,1
Togo,2025,0.0346840719354271,Low,0,0,Moderate,5.889,29.049379374116207,1
Malaysia,2025,0.0304521179655285,Low,0,0,Stable,5.171,11.785868424589086,1
Guinea-Bissau,2025,0.0291473755459675,Low,0,0,Stable,5.5,14.407120261573242,1
"Uzbekistan, Republic of",2025,0.0281999401583842,Low,0,0,Stable,7.7,10.895327436918256,1
Australia,2025,0.0277195673605433,Low,0,0,Stable,1.971,16.0602443156351,1
France,2025,0.027212763589585,Low,0,0,Stable,0.928,8.790419412412255,1
Kenya,2025,0.0257839299247903,Low,0,0,Stable,4.88,11.531330738384945,1
Uganda,2025,0.0248985072790536,Low,0,0,Stable,6.725,15.099087140850294,1
Bangladesh,2025,0.0237696847799884,Low,0,0,Stable,3.49,11.740284999347152,1
"Tanzania, United Republic of",2025,0.02365486746828,Low,0,0,Stable,5.876,13.045699650178769,1
Guatemala,2025,0.0225171324907203,Low,0,0,Stable,4.118,15.32901717710479,1
Mexico,2025,0.0224619301752926,Low,0,0,Stable,0.562,14.480565675928922,1
Benin,2025,0.0221382555201817,Low,0,0,Stable,7.5,15.265822430143348,1
"Madagascar, Republic of",2025,0.0211215981871669,Low,0,0,Stable,2.835,4.456775163879327,1
"Korea, Republic of",2025,0.0207388481598362,Low,0,0,Stable,1.007,14.75881375914606,1
Jordan,2025,0.0207337933040697,Low,0,0,Stable,2.683,5.35087812664641,1
South Africa,2025,0.0170336385685294,Low,0,0,Stable,1.115,12.450592201723342,1
Cameroon,2025,0.0148385151688938,Low,0,0,Stable,3.073,8.061034455730988,1
India,2025,0.0138904237876269,Low,0,0,Stable,7.618,15.613843781966894,1
Philippines,2025,0.0136639918008455,Low,0,0,Stable,4.403,4.900439911460136,1
Switzerland,2025,0.0124908682356512,Low,0,0,Stable,1.272,2.206823747474339,1
Indonesia,2025,0.0116999773893124,Low,0,0,Stable,5.108,1.1319436950859003,1
"South Sudan, Republic of",2026,0.9216240152808288,High,1,1,Crisis,4.141,84.08614063547061,1
"Palau, Republic of",2026,0.9142025235104334,High,1,1,Crisis,3.3,78.48314762744252,1
Suriname,2026,0.8899450076406786,High,1,1,Crisis,3.927,70.08938757401442,1
Ukraine,2026,0.864195974220269,High,1,1,Crisis,2.0,67.34877901727275,1
Burundi,2026,0.860700390619497,High,1,1,Crisis,3.819,59.83052520953616,1
Ghana,2026,0.8561729136984977,High,1,1,Crisis,4.75,61.73028011743519,1
Argentina,2026,0.8297356424623434,High,1,1,Crisis,3.5,63.10788754762997,1
Sudan,2026,0.814722477078239,High,1,1,Crisis,0.713,67.30762858629045,1
Senegal,2026,0.8028783239839352,High,1,0,Unstable,2.173,51.09419831602468,0
"São Tomé and Príncipe, Democratic Republic of",2026,0.7611659572571491,High,1,0,Unstable,3.4,51.16519874231843,0
Haiti,2026,0.7310469532525686,High,1,1,Crisis,-1.7,54.7303535319467,1
Lao People's Democratic Republic,2026,0.7071996614147703,High,1,1,Crisis,4.013,58.49049237190712,1
Algeria,2026,0.6753846237276266,High,1,0,Unstable,3.777,47.23172191659231,0
Libya,2026,0.667445863436263,High,1,1,Crisis,6.72,66.52501725828888,1
Ireland,2026,0.6415530193736442,High,1,0,Unstable,2.516,47.058148640891794,0
Maldives,2026,0.6296454854021967,High,1,0,Unstable,3.022,47.91365025060851,0
"Venezuela, República Bolivariana de",2026,0.62675456972222,High,1,0,Unstable,4.043,51.059487127812446,0
Botswana,2026,0.6111796456792388,High,1,1,Crisis,4.749,63.286664841732666,1
Niger,2026,0.6003268442691927,High,1,0,Unstable,6.728,43.95432480869094,0
Angola,2026,0.5333405228071803,Moderate,0,0,Moderate,2.294,32.04522599831603,1
Kiribati,2026,0.5307730815653604,Moderate,0,0,Unstable,3.102,36.07836602525584,1
Montenegro,2026,0.5051034162602577,Moderate,0,0,Moderate,2.8,32.6397773903804,1
"Iran, Islamic Republic of",2026,0.5049334685201368,Moderate,0,0,Unstable,-6.07,49.78882302447977,1
Cabo Verde,2026,0.4571617991375588,Moderate,0,0,Unstable,4.787,46.13263518138228,1
Kuwait,2026,0.4541741682080718,Moderate,0,0,Unstable,-0.561,42.077363940175374,1
Kyrgyz Republic,2026,0.4457725045615683,Moderate,0,0,Unstable,6.075,43.85612111531641,1
"Lesotho, Kingdom of",2026,0.4281370117089417,Moderate,0,0,Moderate,1.111,26.884496317441904,1
Burkina Faso,2026,0.412709795179434,Moderate,0,0,Moderate,4.858,32.06110793421241,1
Bhutan,2026,0.4034455475002443,Moderate,0,0,Unstable,7.478,34.10221942371708,1
"Azerbaijan, Republic of",2026,0.393235911735685,Moderate,0,0,Unstable,2.217,34.92630534800569,1
"Equatorial Guinea, Republic of",2026,0.3574343808432253,Moderate,0,0,Moderate,-2.686,26.32273516512901,1
Guinea,2026,0.3404576526997665,Moderate,0,0,Unstable,8.677,37.92820812471491,1
Guyana,2026,0.3360729543929038,Moderate,0,0,Unstable,16.168,39.359220819706366,1
St. Vincent and the Grenadines,2026,0.3317345290614285,Moderate,0,0,Moderate,3.0,29.64690418421991,1
Trinidad and Tobago,2026,0.3309951583555162,Moderate,0,0,Moderate,0.766,26.76917465295325,1
"Ethiopia, The Federal Democratic Republic of",2026,0.3271511738928606,Moderate,0,0,Moderate,9.204,24.782987502165973,1
Norway,2026,0.3255036550040824,Moderate,0,0,Moderate,1.475,29.86443562674681,1
Gabon,2026,0.3250322348064705,Moderate,0,0,Unstable,2.665,36.63795430364859,1
"Mozambique, Republic of",2026,0.2984068529655732,Low,0,0,Unstable,0.519,34.50776520306766,1
Nigeria,2026,0.296071966589653,Low,0,0,Unstable,4.058,40.88310959252711,1
"Moldova, Republic of",2026,0.2914149755056525,Low,0,0,Moderate,1.9,19.31399584453715,1
Bolivia,2026,0.2833586792598291,Low,0,0,Unstable,-3.285,43.17508536247763,1
Dominica,2026,0.2808223672994163,Low,0,0,Unstable,3.137,36.19558276270313,1
Mongolia,2026,0.2716646990266737,Low,0,0,Moderate,5.261,18.605434640082123,1
Liberia,2026,0.2590590312859757,Low,0,0,Moderate,5.111,30.574117648964805,1
"Tajikistan, Republic of",2026,0.2436690934992826,Low,0,0,Moderate,6.0,27.709372131381876,1
Myanmar,2026,0.241271619879458,Low,0,0,Moderate,2.995,28.300249118085333,1
"Egypt, Arab Republic of",2026,0.2354554128718049,Low,0,0,Unstable,4.24,36.67477084760056,1
Pakistan,2026,0.2302692236640988,Low,0,0,Moderate,3.603,32.27968280076072,1
Saudi Arabia,2026,0.2011057279742258,Low,0,0,Moderate,3.115,20.27073107811796,1
Solomon Islands,2026,0.1975852299637628,Low,0,0,Stable,2.785,15.887293006632316,1
"Bahrain, Kingdom of",2026,0.1964683392147825,Low,0,0,Unstable,-0.499,39.48968023076237,1
Malawi,2026,0.1796002491493954,Low,0,0,Moderate,2.227,30.26147964733208,1
Greece,2026,0.1573012521129358,Low,0,0,Moderate,1.802,31.48229080886744,1
"Poland, Republic of",2026,0.1562150715770791,Low,0,0,Unstable,3.324,33.70248111493634,1
Nicaragua,2026,0.1557293804428424,Low,0,0,Moderate,3.84,21.985247934336744,1
Taiwan Province of China,2026,0.1526388772591275,Low,0,0,Unstable,5.181,37.040537909888805,1
"Gambia, The",2026,0.148318607683403,Low,0,0,Moderate,5.112,27.05508591792966,1
Nepal,2026,0.1464918786303206,Low,0,0,Moderate,2.956,25.28038040826933,1
Zambia,2026,0.145481371054431,Low,0,0,Moderate,4.287,26.787766903545844,1
"Congo, Republic of",2026,0.1368516836895924,Low,0,0,Stable,2.837,15.740134133262051,1
"Türkiye, Republic of",2026,0.1357935633288762,Low,0,0,Moderate,3.366,19.321441047174854,1
Sierra Leone,2026,0.124067433342494,Low,0,0,Stable,4.55,17.087242145319962,1
"Lithuania, Republic of",2026,0.1216587598665899,Low,0,0,Moderate,2.912,28.12550994626925,1
Djibouti,2026,0.118766213861519,Low,0,0,Moderate,6.0,18.25715573427705,1
Qatar,2026,0.1162538645982167,Low,0,0,Moderate,-8.646,32.12691038982497,1
"Eswatini, Kingdom of",2026,0.1152739220852191,Low,0,0,Moderate,4.037,22.545516581401724,1
Hungary,2026,0.1142558860730571,Low,0,0,Moderate,1.662,18.262405010286567,1
Japan,2026,0.1131973109922651,Low,0,0,Moderate,0.719,32.45374094778656,1
Slovak Republic,2026,0.1065533746013784,Low,0,0,Moderate,0.601,19.649974413169677,1
Papua New Guinea,2026,0.1054943590725106,Low,0,0,Moderate,3.753,21.360363144652258,1
Brunei Darussalam,2026,0.0996246166957618,Low,0,0,Moderate,2.6,25.72037547736585,1
Jamaica,2026,0.0994155380414468,Low,0,0,Stable,-1.152,16.241710695789887,1
"Latvia, Republic of",2026,0.094535602816034,Low,0,0,Stable,2.218,16.765015682388707,1
Cyprus,2026,0.0945004364797368,Low,0,0,Moderate,2.953,24.04079354891304,1
Czech Republic,2026,0.0928893522583062,Low,0,0,Moderate,2.234,19.35172831581611,1
Oman,2026,0.0911044726143288,Low,0,0,Unstable,3.452,34.45690336021901,1
Colombia,2026,0.0898618889362267,Low,0,0,Moderate,2.342,17.940481219062935,1
Central African Republic,2026,0.0885435375691812,Low,0,0,Stable,2.613,16.097120397222362,1
Côte d'Ivoire,2026,0.0885269275314911,Low,0,0,Stable,6.2,14.056164839403596,1
"North Macedonia, Republic of",2026,0.0884083830412086,Low,0,0,Moderate,3.1,21.55230649977835,1
Rwanda,2026,0.0880639968874053,Low,0,0,Stable,7.233,13.534759393545938,1
Bulgaria,2026,0.0860412562725865,Low,0,0,Stable,2.773,9.704353935809396,1
Honduras,2026,0.0858824578802484,Low,0,0,Moderate,3.3,18.922599079066632,1
Chad,2026,0.0822714800334063,Low,0,0,Stable,5.23,16.92132657993987,1
"Congo, Democratic Republic of the",2026,0.0810879997959461,Low,0,0,Moderate,5.901,20.901255273474597,1
"China, People's Republic of",2026,0.0790634303040324,Low,0,0,Moderate,4.413,23.009193486287284,1
"Belarus, Republic of",2026,0.0784920274622971,Low,0,0,Stable,1.22,10.958418950355917,1
Italy,2026,0.0778079590217626,Low,0,0,Moderate,0.521,24.746619838438463,1
Ecuador,2026,0.0744771038704391,Low,0,0,Moderate,2.51,19.43239595826596,1
Finland,2026,0.0723760403277252,Low,0,0,Moderate,1.047,22.82799671399511,1
Togo,2026,0.0696072544517868,Low,0,0,Unstable,5.0,33.9173988159099,1
St. Lucia,2026,0.0671338827085182,Low,0,0,Stable,1.963,15.80073402457394,1
Mauritius,2026,0.0670199412377011,Low,0,0,Stable,3.4,13.02778834124429,1
Malta,2026,0.0658618089576204,Low,0,0,Stable,3.7,14.497139284180282,1
Turkmenistan,2026,0.0645033923386694,Low,0,0,Stable,2.6,8.379492936433442,1
"Serbia, Republic of",2026,0.063887653764475,Low,0,0,Stable,2.835,10.173626553183492,1
Iceland,2026,0.0625053234690479,Low,0,0,Stable,1.902,16.976446345162202,1
"Bahamas, The",2026,0.0622042832171634,Low,0,0,Stable,2.1,15.048878893653232,1
Barbados,2026,0.061479544111621,Low,0,0,Stable,2.465,16.631461689534518,1
"Armenia, Republic of",2026,0.0592344201733226,Low,0,0,Stable,5.3,9.122271483649714,1
Romania,2026,0.0585335152132627,Low,0,0,Stable,0.694,15.527944928618266,1
Guinea-Bissau,2026,0.0582142053661868,Low,0,0,Stable,4.9,14.580913692503875,1
"Kazakhstan, Republic of",2026,0.0559108245215119,Low,0,0,Moderate,4.609,17.877667377247157,1
Israel,2026,0.0508373612989111,Low,0,0,Stable,3.53,8.326735246700313,1
"Estonia, Republic of",2026,0.0492060285536455,Low,0,0,Moderate,1.429,23.772183915185952,1
Portugal,2026,0.0474544961792562,Low,0,0,Moderate,1.93,25.23047893747265,1
Paraguay,2026,0.0467506990645838,Low,0,0,Stable,4.2,10.94722318303835,1
Russian Federation,2026,0.0467388706610742,Low,0,0,Stable,1.091,8.220050060096382,1
"Slovenia, Republic of",2026,0.0440630821470427,Low,0,0,Stable,2.0,13.44870407104139,1
Panama,2026,0.0440602403266964,Low,0,0,Stable,3.84,15.738797088224564,1
"Mauritania, Islamic Republic of",2026,0.0432694331325188,Low,0,0,Stable,4.417,14.7990461192743,1
Singapore,2026,0.0421752080085668,Low,0,0,Stable,3.507,14.23573925508367,1
Mali,2026,0.0419364785815281,Low,0,0,Stable,5.5,15.752512363922753,1
Brazil,2026,0.0393669938830691,Low,0,0,Stable,1.911,11.874273291398948,1
Peru,2026,0.0376630483100568,Low,0,0,Stable,2.82,12.270596032266893,1
El Salvador,2026,0.0374921005481026,Low,0,0,Moderate,3.3,25.574473689421456,1
Morocco,2026,0.0374550806608785,Low,0,0,Stable,4.872,14.2210230745435,1
Uganda,2026,0.0368548546939804,Low,0,0,Stable,7.508,13.526727845945794,1
Austria,2026,0.0366873765711493,Low,0,0,Stable,0.682,15.74189443495729,1
"Croatia, Republic of",2026,0.0359553095848274,Low,0,0,Stable,2.638,14.41101395268078,1
Chile,2026,0.0351421868480435,Low,0,0,Stable,2.396,9.395444177327631,1
Cambodia,2026,0.0349911195372581,Low,0,0,Stable,4.022,10.255696466688391,1
Tunisia,2026,0.0345978984943277,Low,0,0,Moderate,2.113,22.838614691580457,1
"Hong Kong Special Administrative Region, People's Republic of China",2026,0.032730409870558,Low,0,0,Stable,2.42,12.742914283253691,1
United Kingdom,2026,0.0318060006532049,Low,0,0,Moderate,0.797,18.42692743801593,1
Mexico,2026,0.0294440487028206,Low,0,0,Stable,1.639,17.07826337989652,1
Belize,2026,0.0289978870543974,Low,0,0,Stable,2.192,11.89071378289219,1
"Comoros, Union of the",2026,0.0286453610810888,Low,0,0,Stable,4.083,12.321834840713857,1
Bosnia and Herzegovina,2026,0.0280931214020734,Low,0,0,Stable,2.2,14.990241718736533,1
Namibia,2026,0.027177800842218,Low,0,0,Stable,2.396,11.698712664933858,1
France,2026,0.0270397342574201,Low,0,0,Stable,0.858,14.800625737082967,1
Vietnam,2026,0.0258557468365753,Low,0,0,Stable,7.1,10.096963993201284,1
United Arab Emirates,2026,0.0247133583423969,Low,0,0,Stable,3.143,17.026162151443945,1
Georgia,2026,0.0240433029772242,Low,0,0,Stable,5.306,9.256170183074646,1
"Korea, Republic of",2026,0.0232302110312262,Low,0,0,Stable,1.862,14.45717463068852,1
New Zealand,2026,0.0231355868416621,Low,0,0,Stable,2.131,16.78498270583119,1
Canada,2026,0.0229061496932911,Low,0,0,Moderate,1.5,18.36540916421719,1
Kenya,2026,0.0212720541926437,Low,0,0,Stable,4.474,11.162265073062716,1
Denmark,2026,0.0210147090631709,Low,0,0,Stable,2.0,17.219490610849263,1
Spain,2026,0.0208730662026293,Low,0,0,Moderate,2.09,19.178818150385275,1
Albania,2026,0.0208412418374521,Low,0,0,Stable,3.409,12.849372642899098,1
"Netherlands, The",2026,0.0200489322590868,Low,0,0,Stable,1.233,12.540863697918244,1
"Uzbekistan, Republic of",2026,0.0195840073575286,Low,0,0,Stable,6.474,8.449113583841843,1
Germany,2026,0.0193331570015187,Low,0,0,Stable,0.791,8.723031627859998,1
"Madagascar, Republic of",2026,0.0189853588330694,Low,0,0,Stable,3.636,6.324407007615931,1
Guatemala,2026,0.0182016856890592,Low,0,0,Stable,3.94,14.873722213519043,1
Costa Rica,2026,0.0180864977711172,Low,0,0,Stable,3.56,13.892216150298282,1
Philippines,2026,0.0172207441597975,Low,0,0,Stable,4.066,10.629253326662004,1
Luxembourg,2026,0.0165362086163466,Low,0,0,Stable,1.592,7.836977216954034,1
Bangladesh,2026,0.0161147924544499,Low,0,0,Stable,4.693,11.273470963472148,1
Cameroon,2026,0.0159170051724069,Low,0,0,Stable,3.344,9.156352745441506,1
Seychelles,2026,0.0157817096653609,Low,0,0,Stable,1.521,11.818909281239948,1
United States,2026,0.0156371959349286,Low,0,0,Stable,2.324,13.686426084762228,1
Sweden,2026,0.0155653617042039,Low,0,0,Stable,1.963,3.942869976337896,1
Thailand,2026,0.0148583185046314,Low,0,0,Stable,1.5,8.215809214425265,1
Benin,2026,0.0143228735001381,Low,0,0,Stable,6.972,13.984256809412887,1
India,2026,0.0141773930544444,Low,0,0,Stable,6.478,11.81409909039616,1
Dominican Republic,2026,0.0139995565754231,Low,0,0,Stable,3.72,8.668080188609125,1
"Kosovo, Republic of",2026,0.0137530157480438,Low,0,0,Stable,3.3,11.293409316118714,1
Belgium,2026,0.0137229815799421,Low,0,0,Stable,0.661,11.117977080423715,1
Switzerland,2026,0.0132241791882401,Low,0,0,Stable,1.342,2.028194041159603,1
Uruguay,2026,0.0131919391425598,Low,0,0,Stable,1.8,8.6945119734623,1
Malaysia,2026,0.0130359010118761,Low,0,0,Stable,4.7,6.843213042381113,1
South Africa,2026,0.0129254824991862,Low,0,0,Stable,1.049,11.25423837145213,1
Indonesia,2026,0.0125072325498004,Low,0,0,Stable,4.95,0.9869390442314064,1
"Tanzania, United Republic of",2026,0.0123649138888058,Low,0,0,Stable,5.94,10.921391007476052,1
Jordan,2026,0.0116772162284141,Low,0,0,Stable,2.748,3.826651861056798,1
Australia,2026,0.0113874315765598,Low,0,0,Moderate,2.009,19.425494057245476,1
