COUNTRY,YEAR,Instability_Index_lag1,Best_EWS_Model,Crisis_Probability,Risk_Level,Early_Warning_Flag
Lebanon,2026,80.0011180140304,Extra Trees,0.962371356253364,High,1
"South Sudan, Republic of",2026,87.73898607139688,Extra Trees,0.9216240152808288,High,1
"Palau, Republic of",2026,72.38629993085416,Extra Trees,0.9142025235104334,High,1
Suriname,2026,61.58891738143003,Extra Trees,0.8899450076406786,High,1
Ukraine,2026,73.25652031690221,Extra Trees,0.864195974220269,High,1
Burundi,2026,71.39008425811619,Extra Trees,0.860700390619497,High,1
Ghana,2026,71.85105480392748,Extra Trees,0.8561729136984977,High,1
Argentina,2026,69.48000355318251,Extra Trees,0.8297356424623434,High,1
Sudan,2026,77.01457352466377,Extra Trees,0.814722477078239,High,1
Sri Lanka,2026,75.03458563014759,Extra Trees,0.8087417755551995,High,1
Senegal,2026,59.0901143265092,Extra Trees,0.8028783239839352,High,1
"São Tomé and Príncipe, Democratic Republic of",2026,55.43288735614684,Extra Trees,0.7611659572571491,High,1
Haiti,2026,59.29704666962655,Extra Trees,0.7310469532525686,High,1
Lao People's Democratic Republic,2026,65.14144901871556,Extra Trees,0.7071996614147703,High,1
Algeria,2026,52.20090444965937,Extra Trees,0.6753846237276266,High,1
Libya,2026,50.08325690988374,Extra Trees,0.667445863436263,High,1
Ireland,2026,67.14566874169897,Extra Trees,0.6415530193736442,Moderate,0
Maldives,2026,57.21668311047016,Extra Trees,0.6296454854021967,Moderate,0
"Venezuela, República Bolivariana de",2026,55.07200720327623,Extra Trees,0.62675456972222,Moderate,0
"Afghanistan, Islamic Republic of",2026,39.95847607222888,Extra Trees,0.6143307532292549,Moderate,0
Botswana,2026,58.190094026412005,Extra Trees,0.6111796456792388,Moderate,0
Niger,2026,45.542375191991326,Extra Trees,0.6003268442691927,Moderate,0
Angola,2026,51.64780235934001,Extra Trees,0.5333405228071803,Moderate,0
Kiribati,2026,42.194139650376414,Extra Trees,0.5307730815653604,Moderate,0
Montenegro,2026,46.911206836623,Extra Trees,0.5051034162602577,Moderate,0
"Iran, Islamic Republic of",2026,48.887380225686165,Extra Trees,0.5049334685201368,Moderate,0
Cabo Verde,2026,69.16026905505386,Extra Trees,0.4571617991375588,Moderate,0
Kuwait,2026,43.23177449008282,Extra Trees,0.4541741682080718,Moderate,0
Kyrgyz Republic,2026,43.33635272367171,Extra Trees,0.4457725045615683,Moderate,0
"Lesotho, Kingdom of",2026,47.57005161372592,Extra Trees,0.4281370117089417,Moderate,0
Burkina Faso,2026,53.5015588540382,Extra Trees,0.412709795179434,Moderate,0
Bhutan,2026,34.80066216762199,Extra Trees,0.4034455475002443,Moderate,0
"Azerbaijan, Republic of",2026,40.47113141480863,Extra Trees,0.393235911735685,Moderate,0
West Bank and Gaza,2026,51.58118072301646,Extra Trees,0.3766109299176968,Moderate,0
"Equatorial Guinea, Republic of",2026,47.48374769766722,Extra Trees,0.3574343808432253,Moderate,0
Guinea,2026,37.9344853170811,Extra Trees,0.3404576526997665,Moderate,0
Guyana,2026,50.58736216718584,Extra Trees,0.3360729543929038,Moderate,0
St. Vincent and the Grenadines,2026,47.06134827005989,Extra Trees,0.3317345290614285,Moderate,0
Trinidad and Tobago,2026,36.53019957169886,Extra Trees,0.3309951583555162,Moderate,0
"Ethiopia, The Federal Democratic Republic of",2026,49.70854945618266,Extra Trees,0.3271511738928606,Low,0
Norway,2026,58.1334514663056,Extra Trees,0.3255036550040824,Low,0
Gabon,2026,43.37992031505493,Extra Trees,0.3250322348064705,Low,0
"Mozambique, Republic of",2026,45.5177033656788,Extra Trees,0.2984068529655732,Low,0
Nigeria,2026,45.038874053674384,Extra Trees,0.296071966589653,Low,0
"Moldova, Republic of",2026,27.16335622313223,Extra Trees,0.2914149755056525,Low,0
Bolivia,2026,45.03259926016476,Extra Trees,0.2833586792598291,Low,0
Dominica,2026,45.856300320132746,Extra Trees,0.2808223672994163,Low,0
Mongolia,2026,36.893531104434736,Extra Trees,0.2716646990266737,Low,0
Liberia,2026,23.85361892037777,Extra Trees,0.2590590312859757,Low,0
"Tajikistan, Republic of",2026,32.92901578941237,Extra Trees,0.2436690934992826,Low,0
Myanmar,2026,26.47560688607845,Extra Trees,0.241271619879458,Low,0
"Egypt, Arab Republic of",2026,34.41538660547678,Extra Trees,0.2354554128718049,Low,0
Pakistan,2026,39.2583270067593,Extra Trees,0.2302692236640988,Low,0
Saudi Arabia,2026,42.27540430230114,Extra Trees,0.2011057279742258,Low,0
Solomon Islands,2026,26.219530712515624,Extra Trees,0.1975852299637628,Low,0
"Bahrain, Kingdom of",2026,46.22271321918903,Extra Trees,0.1964683392147825,Low,0
Malawi,2026,44.88278357126959,Extra Trees,0.1796002491493954,Low,0
Greece,2026,42.1948385025179,Extra Trees,0.1573012521129358,Low,0
"Poland, Republic of",2026,32.84017661402756,Extra Trees,0.1562150715770791,Low,0
Nicaragua,2026,41.09006100041102,Extra Trees,0.1557293804428424,Low,0
Taiwan Province of China,2026,36.27578881186016,Extra Trees,0.1526388772591275,Low,0
"Gambia, The",2026,26.86667332419018,Extra Trees,0.148318607683403,Low,0
Nepal,2026,26.86556130573162,Extra Trees,0.1464918786303206,Low,0
Zambia,2026,34.249754152884385,Extra Trees,0.145481371054431,Low,0
"Congo, Republic of",2026,32.14917477964099,Extra Trees,0.1368516836895924,Low,0
"Türkiye, Republic of",2026,32.43297403669775,Extra Trees,0.1357935633288762,Low,0
Sierra Leone,2026,20.248789955055656,Extra Trees,0.124067433342494,Low,0
"Lithuania, Republic of",2026,36.32955235295208,Extra Trees,0.1216587598665899,Low,0
Djibouti,2026,22.288533169338294,Extra Trees,0.118766213861519,Low,0
Qatar,2026,25.157287545216807,Extra Trees,0.1162538645982167,Low,0
"Eswatini, Kingdom of",2026,29.451908571876828,Extra Trees,0.1152739220852191,Low,0
Hungary,2026,31.111684637671868,Extra Trees,0.1142558860730571,Low,0
Japan,2026,43.01359130139352,Extra Trees,0.1131973109922651,Low,0
Slovak Republic,2026,29.700319280643253,Extra Trees,0.1065533746013784,Low,0
Papua New Guinea,2026,30.92550119354492,Extra Trees,0.1054943590725106,Low,0
Brunei Darussalam,2026,25.75948623509965,Extra Trees,0.0996246166957618,Low,0
Jamaica,2026,31.93633988624759,Extra Trees,0.0994155380414468,Low,0
"Latvia, Republic of",2026,27.479017040623404,Extra Trees,0.094535602816034,Low,0
Cyprus,2026,32.90326645107427,Extra Trees,0.0945004364797368,Low,0
Czech Republic,2026,29.06001111326053,Extra Trees,0.0928893522583062,Low,0
Oman,2026,28.404746092669,Extra Trees,0.0911044726143288,Low,0
Colombia,2026,26.029189982767274,Extra Trees,0.0898618889362267,Low,0
Central African Republic,2026,25.04170356459296,Extra Trees,0.0885435375691812,Low,0
Côte d'Ivoire,2026,16.84140733608808,Extra Trees,0.0885269275314911,Low,0
"North Macedonia, Republic of",2026,29.76050614628277,Extra Trees,0.0884083830412086,Low,0
Rwanda,2026,19.39484841607829,Extra Trees,0.0880639968874053,Low,0
Bulgaria,2026,17.36143242880256,Extra Trees,0.0860412562725865,Low,0
Honduras,2026,22.21338651399647,Extra Trees,0.0858824578802484,Low,0
Chad,2026,23.25907597275579,Extra Trees,0.0822714800334063,Low,0
"Congo, Democratic Republic of the",2026,20.614855354713427,Extra Trees,0.0810879997959461,Low,0
"China, People's Republic of",2026,22.01729993301465,Extra Trees,0.0790634303040324,Low,0
"Belarus, Republic of",2026,43.04573900709998,Extra Trees,0.0784920274622971,Low,0
Italy,2026,27.74706983331999,Extra Trees,0.0778079590217626,Low,0
Ecuador,2026,33.67128267489678,Extra Trees,0.0744771038704391,Low,0
Finland,2026,29.65720317258546,Extra Trees,0.0723760403277252,Low,0
Togo,2026,29.049379374116207,Extra Trees,0.0696072544517868,Low,0
St. Lucia,2026,39.68021734760229,Extra Trees,0.0671338827085182,Low,0
Mauritius,2026,34.882514424208686,Extra Trees,0.0670199412377011,Low,0
Malta,2026,27.77623920901985,Extra Trees,0.0658618089576204,Low,0
Turkmenistan,2026,20.21928836457624,Extra Trees,0.0645033923386694,Low,0
"Serbia, Republic of",2026,14.497298438019802,Extra Trees,0.063887653764475,Low,0
Iceland,2026,16.77183969219797,Extra Trees,0.0625053234690479,Low,0
"Bahamas, The",2026,38.33171499615047,Extra Trees,0.0622042832171634,Low,0
Barbados,2026,26.787160297672944,Extra Trees,0.061479544111621,Low,0
"Armenia, Republic of",2026,30.16593227536104,Extra Trees,0.0592344201733226,Low,0
Romania,2026,21.099388713681908,Extra Trees,0.0585335152132627,Low,0
Guinea-Bissau,2026,14.407120261573242,Extra Trees,0.0582142053661868,Low,0
"Kazakhstan, Republic of",2026,28.34776956298017,Extra Trees,0.0559108245215119,Low,0
Israel,2026,27.33414518562885,Extra Trees,0.0508373612989111,Low,0
"Estonia, Republic of",2026,22.724175555358112,Extra Trees,0.0492060285536455,Low,0
Portugal,2026,36.96410413481959,Extra Trees,0.0474544961792562,Low,0
Paraguay,2026,33.13647354036863,Extra Trees,0.0467506990645838,Low,0
Russian Federation,2026,34.34046598020996,Extra Trees,0.0467388706610742,Low,0
"Slovenia, Republic of",2026,24.582812743476072,Extra Trees,0.0440630821470427,Low,0
Panama,2026,26.37038554785464,Extra Trees,0.0440602403266964,Low,0
"Mauritania, Islamic Republic of",2026,26.461541901962853,Extra Trees,0.0432694331325188,Low,0
Singapore,2026,24.144403207701853,Extra Trees,0.0421752080085668,Low,0
Mali,2026,24.292028942597256,Extra Trees,0.0419364785815281,Low,0
Brazil,2026,23.325053134416567,Extra Trees,0.0393669938830691,Low,0
Peru,2026,17.727991729846067,Extra Trees,0.0376630483100568,Low,0
El Salvador,2026,30.920400100570383,Extra Trees,0.0374921005481026,Low,0
Morocco,2026,15.019401093623658,Extra Trees,0.0374550806608785,Low,0
Uganda,2026,15.099087140850294,Extra Trees,0.0368548546939804,Low,0
Austria,2026,23.74823210372126,Extra Trees,0.0366873765711493,Low,0
"Croatia, Republic of",2026,26.417668959282096,Extra Trees,0.0359553095848274,Low,0
Chile,2026,32.294243138276784,Extra Trees,0.0351421868480435,Low,0
Cambodia,2026,22.81557472003277,Extra Trees,0.0349911195372581,Low,0
Tunisia,2026,29.69236954745049,Extra Trees,0.0345978984943277,Low,0
"Hong Kong Special Administrative Region, People's Republic of China",2026,18.694381604619046,Extra Trees,0.032730409870558,Low,0
United Kingdom,2026,23.74781579766026,Extra Trees,0.0318060006532049,Low,0
Mexico,2026,14.480565675928922,Extra Trees,0.0294440487028206,Low,0
Belize,2026,29.670190619919328,Extra Trees,0.0289978870543974,Low,0
"Comoros, Union of the",2026,14.204284811734258,Extra Trees,0.0286453610810888,Low,0
Bosnia and Herzegovina,2026,23.774233197682072,Extra Trees,0.0280931214020734,Low,0
Namibia,2026,14.746737602524618,Extra Trees,0.027177800842218,Low,0
France,2026,8.790419412412255,Extra Trees,0.0270397342574201,Low,0
Vietnam,2026,20.61287842066747,Extra Trees,0.0258557468365753,Low,0
United Arab Emirates,2026,22.79305117678923,Extra Trees,0.0247133583423969,Low,0
Georgia,2026,25.52334961700704,Extra Trees,0.0240433029772242,Low,0
"Korea, Republic of",2026,14.75881375914606,Extra Trees,0.0232302110312262,Low,0
New Zealand,2026,18.034246167215336,Extra Trees,0.0231355868416621,Low,0
Canada,2026,16.552285212822706,Extra Trees,0.0229061496932911,Low,0
Kenya,2026,11.531330738384945,Extra Trees,0.0212720541926437,Low,0
Denmark,2026,27.76347377842546,Extra Trees,0.0210147090631709,Low,0
Spain,2026,27.78322143821396,Extra Trees,0.0208730662026293,Low,0
Albania,2026,24.446746890953023,Extra Trees,0.0208412418374521,Low,0
"Netherlands, The",2026,27.312914241076545,Extra Trees,0.0200489322590868,Low,0
"Uzbekistan, Republic of",2026,10.895327436918256,Extra Trees,0.0195840073575286,Low,0
Germany,2026,12.324242798130404,Extra Trees,0.0193331570015187,Low,0
"Madagascar, Republic of",2026,4.456775163879327,Extra Trees,0.0189853588330694,Low,0
Guatemala,2026,15.32901717710479,Extra Trees,0.0182016856890592,Low,0
Costa Rica,2026,24.42942325723488,Extra Trees,0.0180864977711172,Low,0
Philippines,2026,4.900439911460136,Extra Trees,0.0172207441597975,Low,0
Luxembourg,2026,18.68137051207469,Extra Trees,0.0165362086163466,Low,0
Bangladesh,2026,11.740284999347152,Extra Trees,0.0161147924544499,Low,0
Cameroon,2026,8.061034455730988,Extra Trees,0.0159170051724069,Low,0
Seychelles,2026,16.977861306445217,Extra Trees,0.0157817096653609,Low,0
United States,2026,22.30013453705076,Extra Trees,0.0156371959349286,Low,0
Sweden,2026,16.291219851023804,Extra Trees,0.0155653617042039,Low,0
Thailand,2026,19.87330017124327,Extra Trees,0.0148583185046314,Low,0
Benin,2026,15.265822430143348,Extra Trees,0.0143228735001381,Low,0
India,2026,15.613843781966894,Extra Trees,0.0141773930544444,Low,0
Dominican Republic,2026,17.620876939803917,Extra Trees,0.0139995565754231,Low,0
"Kosovo, Republic of",2026,18.74640405323937,Extra Trees,0.0137530157480438,Low,0
Belgium,2026,18.42903830337953,Extra Trees,0.0137229815799421,Low,0
Switzerland,2026,2.206823747474339,Extra Trees,0.0132241791882401,Low,0
Uruguay,2026,15.219018727427985,Extra Trees,0.0131919391425598,Low,0
Malaysia,2026,11.785868424589086,Extra Trees,0.0130359010118761,Low,0
South Africa,2026,12.450592201723342,Extra Trees,0.0129254824991862,Low,0
Indonesia,2026,1.1319436950859003,Extra Trees,0.0125072325498004,Low,0
"Tanzania, United Republic of",2026,13.045699650178769,Extra Trees,0.0123649138888058,Low,0
Jordan,2026,5.35087812664641,Extra Trees,0.0116772162284141,Low,0
Australia,2026,16.0602443156351,Extra Trees,0.0113874315765598,Low,0
Suriname,2027,61.58891738143003,Extra Trees,0.8999450076406786,High,1
Lebanon,2027,80.0011180140304,Extra Trees,0.8923713562533641,High,1
"Palau, Republic of",2027,72.38629993085416,Extra Trees,0.882117555482961,High,1
Ukraine,2027,73.25652031690221,Extra Trees,0.874195974220269,High,1
"South Sudan, Republic of",2027,87.73898607139688,Extra Trees,0.8516240152808289,High,1
"Venezuela, República Bolivariana de",2027,55.07200720327623,Extra Trees,0.8367545697222201,High,1
Burundi,2027,71.39008425811619,Extra Trees,0.8346208673009448,High,1
Ghana,2027,71.85105480392748,Extra Trees,0.8227437659398994,High,1
Sri Lanka,2027,75.03458563014759,Extra Trees,0.8187417755551996,High,1
"São Tomé and Príncipe, Democratic Republic of",2027,55.43288735614684,Extra Trees,0.7711659572571491,High,1
Argentina,2027,69.48000355318251,Extra Trees,0.7597356424623435,High,1
Sudan,2027,77.01457352466377,Extra Trees,0.744722477078239,High,1
Haiti,2027,59.29704666962655,Extra Trees,0.7410469532525686,High,1
Senegal,2027,59.0901143265092,Extra Trees,0.7328783239839353,High,1
Lao People's Democratic Republic,2027,65.14144901871556,Extra Trees,0.7075189815727696,High,1
Algeria,2027,52.20090444965937,Extra Trees,0.6536704550154553,Moderate,0
"Afghanistan, Islamic Republic of",2027,39.95847607222888,Extra Trees,0.6243307532292549,Moderate,0
Botswana,2027,58.190094026412005,Extra Trees,0.6211796456792388,Moderate,0
Libya,2027,50.08325690988374,Extra Trees,0.597445863436263,Moderate,0
Niger,2027,45.542375191991326,Extra Trees,0.5734881932505119,Moderate,0
Ireland,2027,67.14566874169897,Extra Trees,0.5715530193736442,Moderate,0
Maldives,2027,57.21668311047016,Extra Trees,0.5689964827435551,Moderate,0
Angola,2027,51.64780235934001,Extra Trees,0.5433405228071803,Moderate,0
Kiribati,2027,42.194139650376414,Extra Trees,0.5407730815653604,Moderate,0
"Equatorial Guinea, Republic of",2027,47.48374769766722,Extra Trees,0.5173044931128061,Moderate,0
Montenegro,2027,46.911206836623,Extra Trees,0.5151034162602577,Moderate,0
"Iran, Islamic Republic of",2027,48.887380225686165,Extra Trees,0.5149334685201368,Moderate,0
Kuwait,2027,43.23177449008282,Extra Trees,0.4703520579673763,Moderate,0
Cabo Verde,2027,69.16026905505386,Extra Trees,0.46353709873010074,Moderate,0
"Lesotho, Kingdom of",2027,47.57005161372592,Extra Trees,0.4381370117089417,Moderate,0
Burkina Faso,2027,53.5015588540382,Extra Trees,0.4036288740809247,Moderate,0
"Azerbaijan, Republic of",2027,40.47113141480863,Extra Trees,0.403235911735685,Moderate,0
West Bank and Gaza,2027,51.58118072301646,Extra Trees,0.3866109299176968,Moderate,0
Kyrgyz Republic,2027,43.33635272367171,Extra Trees,0.3757725045615683,Moderate,0
Trinidad and Tobago,2027,36.53019957169886,Extra Trees,0.3409951583555162,Moderate,0
Norway,2027,58.1334514663056,Extra Trees,0.3355036550040824,Moderate,0
Gabon,2027,43.37992031505493,Extra Trees,0.3350322348064705,Moderate,0
Bhutan,2027,34.80066216762199,Extra Trees,0.3334455475002443,Moderate,0
"Mozambique, Republic of",2027,45.5177033656788,Extra Trees,0.3084068529655732,Low,0
"Moldova, Republic of",2027,27.16335622313223,Extra Trees,0.3014149755056525,Low,0
Bolivia,2027,45.03259926016476,Extra Trees,0.2933586792598291,Low,0
Nigeria,2027,45.038874053674384,Extra Trees,0.27986972114269026,Low,0
St. Vincent and the Grenadines,2027,47.06134827005989,Extra Trees,0.27598062664616285,Low,0
Guinea,2027,37.9344853170811,Extra Trees,0.2704576526997665,Low,0
Guyana,2027,50.58736216718584,Extra Trees,0.2660729543929038,Low,0
"Ethiopia, The Federal Democratic Republic of",2027,49.70854945618266,Extra Trees,0.2571511738928606,Low,0
Myanmar,2027,26.47560688607845,Extra Trees,0.251271619879458,Low,0
Liberia,2027,23.85361892037777,Extra Trees,0.2425978111196027,Low,0
Pakistan,2027,39.2583270067593,Extra Trees,0.2402692236640988,Low,0
Dominica,2027,45.856300320132746,Extra Trees,0.23976143025059174,Low,0
Solomon Islands,2027,26.219530712515624,Extra Trees,0.2075852299637628,Low,0
"Bahrain, Kingdom of",2027,46.22271321918903,Extra Trees,0.2064683392147825,Low,0
Mongolia,2027,36.893531104434736,Extra Trees,0.20166469902667367,Low,0
Saudi Arabia,2027,42.27540430230114,Extra Trees,0.19319162643938753,Low,0
Malawi,2027,44.88278357126959,Extra Trees,0.1896002491493954,Low,0
"Tajikistan, Republic of",2027,32.92901578941237,Extra Trees,0.1736690934992826,Low,0
"Egypt, Arab Republic of",2027,34.41538660547678,Extra Trees,0.17170087995847688,Low,0
Greece,2027,42.1948385025179,Extra Trees,0.1673012521129358,Low,0
"Poland, Republic of",2027,32.84017661402756,Extra Trees,0.1662150715770791,Low,0
"Gambia, The",2027,26.86667332419018,Extra Trees,0.158318607683403,Low,0
Zambia,2027,34.249754152884385,Extra Trees,0.15548137105443102,Low,0
"Congo, Republic of",2027,32.14917477964099,Extra Trees,0.14685168368959242,Low,0
"Türkiye, Republic of",2027,32.43297403669775,Extra Trees,0.14579356332887622,Low,0
Nicaragua,2027,41.09006100041102,Extra Trees,0.14325941946431853,Low,0
Nepal,2027,26.86556130573162,Extra Trees,0.14082430596227175,Low,0
Sierra Leone,2027,20.248789955055656,Extra Trees,0.134067433342494,Low,0
"Lithuania, Republic of",2027,36.32955235295208,Extra Trees,0.1316587598665899,Low,0
Qatar,2027,25.157287545216807,Extra Trees,0.1262538645982167,Low,0
Hungary,2027,31.111684637671868,Extra Trees,0.1242558860730571,Low,0
Japan,2027,43.01359130139352,Extra Trees,0.1231973109922651,Low,0
"Eswatini, Kingdom of",2027,29.451908571876828,Extra Trees,0.11715189210649446,Low,0
Slovak Republic,2027,29.700319280643253,Extra Trees,0.11655337460137839,Low,0
Brunei Darussalam,2027,25.75948623509965,Extra Trees,0.10962461669576179,Low,0
Jamaica,2027,31.93633988624759,Extra Trees,0.1094155380414468,Low,0
"Latvia, Republic of",2027,27.479017040623404,Extra Trees,0.104535602816034,Low,0
Cyprus,2027,32.90326645107427,Extra Trees,0.1045004364797368,Low,0
Czech Republic,2027,29.06001111326053,Extra Trees,0.1028893522583062,Low,0
Oman,2027,28.404746092669,Extra Trees,0.1011044726143288,Low,0
Colombia,2027,26.029189982767274,Extra Trees,0.09986188893622669,Low,0
"North Macedonia, Republic of",2027,29.76050614628277,Extra Trees,0.0984083830412086,Low,0
Bulgaria,2027,17.36143242880256,Extra Trees,0.0960412562725865,Low,0
Taiwan Province of China,2027,36.27578881186016,Extra Trees,0.09574206355414899,Low,0
Honduras,2027,22.21338651399647,Extra Trees,0.08874109043389651,Low,0
"Belarus, Republic of",2027,43.04573900709998,Extra Trees,0.08849202746229709,Low,0
Italy,2027,27.74706983331999,Extra Trees,0.0878079590217626,Low,0
"China, People's Republic of",2027,22.01729993301465,Extra Trees,0.08725396093392432,Low,0
Ecuador,2027,33.67128267489678,Extra Trees,0.0844771038704391,Low,0
Finland,2027,29.65720317258546,Extra Trees,0.08237604032772519,Low,0
Togo,2027,29.049379374116207,Extra Trees,0.07960725445178679,Low,0
St. Lucia,2027,39.68021734760229,Extra Trees,0.07713388270851819,Low,0
Mauritius,2027,34.882514424208686,Extra Trees,0.07701994123770109,Low,0
Malta,2027,27.77623920901985,Extra Trees,0.07586180895762039,Low,0
Turkmenistan,2027,20.21928836457624,Extra Trees,0.0745033923386694,Low,0
Papua New Guinea,2027,30.92550119354492,Extra Trees,0.07425920619350711,Low,0
"Serbia, Republic of",2027,14.497298438019802,Extra Trees,0.073887653764475,Low,0
"Congo, Democratic Republic of the",2027,20.614855354713427,Extra Trees,0.07376722512422848,Low,0
Iceland,2027,16.77183969219797,Extra Trees,0.0725053234690479,Low,0
"Bahamas, The",2027,38.33171499615047,Extra Trees,0.07220428321716339,Low,0
Barbados,2027,26.787160297672944,Extra Trees,0.071479544111621,Low,0
Chad,2027,23.25907597275579,Extra Trees,0.06878225371686375,Low,0
Romania,2027,21.099388713681908,Extra Trees,0.0685335152132627,Low,0
Djibouti,2027,22.288533169338294,Extra Trees,0.06808296560978214,Low,0
Israel,2027,27.33414518562885,Extra Trees,0.060837361298911104,Low,0
"Estonia, Republic of",2027,22.724175555358112,Extra Trees,0.059206028553645505,Low,0
Portugal,2027,36.96410413481959,Extra Trees,0.0574544961792562,Low,0
Côte d'Ivoire,2027,16.84140733608808,Extra Trees,0.057241449623460124,Low,0
Russian Federation,2027,34.34046598020996,Extra Trees,0.0567388706610742,Low,0
"Slovenia, Republic of",2027,24.582812743476072,Extra Trees,0.0540630821470427,Low,0
"Mauritania, Islamic Republic of",2027,26.461541901962853,Extra Trees,0.0532694331325188,Low,0
Mali,2027,24.292028942597256,Extra Trees,0.051936478581528105,Low,0
Singapore,2027,24.144403207701853,Extra Trees,0.05113007968122422,Low,0
Brazil,2027,23.325053134416567,Extra Trees,0.0493669938830691,Low,0
Peru,2027,17.727991729846067,Extra Trees,0.0476630483100568,Low,0
Austria,2027,23.74823210372126,Extra Trees,0.046687376571149304,Low,0
"Croatia, Republic of",2027,26.417668959282096,Extra Trees,0.0459553095848274,Low,0
Chile,2027,32.294243138276784,Extra Trees,0.045142186848043504,Low,0
Cambodia,2027,22.81557472003277,Extra Trees,0.0449911195372581,Low,0
Tunisia,2027,29.69236954745049,Extra Trees,0.0445978984943277,Low,0
United Kingdom,2027,23.74781579766026,Extra Trees,0.0418060006532049,Low,0
Central African Republic,2027,25.04170356459296,Extra Trees,0.04144371895901066,Low,0
Mexico,2027,14.480565675928922,Extra Trees,0.0394440487028206,Low,0
Belize,2027,29.670190619919328,Extra Trees,0.0389978870543974,Low,0
Bosnia and Herzegovina,2027,23.774233197682072,Extra Trees,0.0380931214020734,Low,0
Namibia,2027,14.746737602524618,Extra Trees,0.037177800842218,Low,0
France,2027,8.790419412412255,Extra Trees,0.0370397342574201,Low,0
El Salvador,2027,30.920400100570383,Extra Trees,0.03582934086685842,Low,0
"Korea, Republic of",2027,14.75881375914606,Extra Trees,0.0332302110312262,Low,0
New Zealand,2027,18.034246167215336,Extra Trees,0.0331355868416621,Low,0
Canada,2027,16.552285212822706,Extra Trees,0.0329061496932911,Low,0
Denmark,2027,27.76347377842546,Extra Trees,0.0310147090631709,Low,0
Spain,2027,27.78322143821396,Extra Trees,0.0308730662026293,Low,0
Albania,2027,24.446746890953023,Extra Trees,0.0308412418374521,Low,0
"Netherlands, The",2027,27.312914241076545,Extra Trees,0.0300489322590868,Low,0
Germany,2027,12.324242798130404,Extra Trees,0.0293331570015187,Low,0
"Madagascar, Republic of",2027,4.456775163879327,Extra Trees,0.0289853588330694,Low,0
Kenya,2027,11.531330738384945,Extra Trees,0.02850701201685129,Low,0
Morocco,2027,15.019401093623658,Extra Trees,0.027771986356338,Low,0
Philippines,2027,4.900439911460136,Extra Trees,0.0272207441597975,Low,0
Luxembourg,2027,18.68137051207469,Extra Trees,0.026536208616346597,Low,0
Costa Rica,2027,24.42942325723488,Extra Trees,0.02613661941296084,Low,0
Bangladesh,2027,11.740284999347152,Extra Trees,0.0261147924544499,Low,0
Cameroon,2027,8.061034455730988,Extra Trees,0.0259170051724069,Low,0
United States,2027,22.30013453705076,Extra Trees,0.0256371959349286,Low,0
Sweden,2027,16.291219851023804,Extra Trees,0.0255653617042039,Low,0
Thailand,2027,19.87330017124327,Extra Trees,0.0248583185046314,Low,0
Guinea-Bissau,2027,14.407120261573242,Extra Trees,0.02455487631829161,Low,0
Dominican Republic,2027,17.620876939803917,Extra Trees,0.0239995565754231,Low,0
"Kosovo, Republic of",2027,18.74640405323937,Extra Trees,0.0237530157480438,Low,0
Belgium,2027,18.42903830337953,Extra Trees,0.0237229815799421,Low,0
Switzerland,2027,2.206823747474339,Extra Trees,0.0232241791882401,Low,0
Rwanda,2027,19.39484841607829,Extra Trees,0.02322106200004142,Low,0
Uruguay,2027,15.219018727427985,Extra Trees,0.0231919391425598,Low,0
Malaysia,2027,11.785868424589086,Extra Trees,0.023035901011876102,Low,0
South Africa,2027,12.450592201723342,Extra Trees,0.0229254824991862,Low,0
"Hong Kong Special Administrative Region, People's Republic of China",2027,18.694381604619046,Extra Trees,0.02226162656371982,Low,0
Jordan,2027,5.35087812664641,Extra Trees,0.0216772162284141,Low,0
Australia,2027,16.0602443156351,Extra Trees,0.0213874315765598,Low,0
Guatemala,2027,15.32901717710479,Extra Trees,0.020664253919076017,Low,0
Panama,2027,26.37038554785464,Extra Trees,0.01894509901341302,Low,0
"Kazakhstan, Republic of",2027,28.34776956298017,Extra Trees,0.01871937497456868,Low,0
"Comoros, Union of the",2027,14.204284811734258,Extra Trees,0.018619830978591864,Low,0
United Arab Emirates,2027,22.79305117678923,Extra Trees,0.017799616792571207,Low,0
Paraguay,2027,33.13647354036863,Extra Trees,0.013521430686851283,Low,0
Indonesia,2027,1.1319436950859003,Extra Trees,0.013128256743666218,Low,0
"Armenia, Republic of",2027,30.16593227536104,Extra Trees,0.01,Low,0
Benin,2027,15.265822430143348,Extra Trees,0.01,Low,0
Georgia,2027,25.52334961700704,Extra Trees,0.01,Low,0
India,2027,15.613843781966894,Extra Trees,0.01,Low,0
Seychelles,2027,16.977861306445217,Extra Trees,0.01,Low,0
"Tanzania, United Republic of",2027,13.045699650178769,Extra Trees,0.01,Low,0
Uganda,2027,15.099087140850294,Extra Trees,0.01,Low,0
"Uzbekistan, Republic of",2027,10.895327436918256,Extra Trees,0.01,Low,0
Vietnam,2027,20.61287842066747,Extra Trees,0.01,Low,0
Suriname,2028,61.58891738143003,Extra Trees,0.956238736399267,High,1
"Palau, Republic of",2028,72.38629993085416,Extra Trees,0.9049492305754652,High,1
Lebanon,2028,80.0011180140304,Extra Trees,0.9023713562533641,High,1
Ukraine,2028,73.25652031690221,Extra Trees,0.884195974220269,High,1
"South Sudan, Republic of",2028,87.73898607139688,Extra Trees,0.8616240152808289,High,1
"Venezuela, República Bolivariana de",2028,55.07200720327623,Extra Trees,0.8467545697222201,High,1
Burundi,2028,71.39008425811619,Extra Trees,0.8334240361524683,High,1
Sri Lanka,2028,75.03458563014759,Extra Trees,0.8287417755551996,High,1
Ghana,2028,71.85105480392748,Extra Trees,0.8270887602959915,High,1
"São Tomé and Príncipe, Democratic Republic of",2028,55.43288735614684,Extra Trees,0.7811659572571491,High,1
Argentina,2028,69.48000355318251,Extra Trees,0.7697356424623435,High,1
Sudan,2028,77.01457352466377,Extra Trees,0.754722477078239,High,1
Haiti,2028,59.29704666962655,Extra Trees,0.7510469532525686,High,1
Senegal,2028,59.0901143265092,Extra Trees,0.7428783239839353,High,1
Lao People's Democratic Republic,2028,65.14144901871556,Extra Trees,0.7161248634489907,High,1
Algeria,2028,52.20090444965937,Extra Trees,0.6484268364699676,Moderate,0
"Afghanistan, Islamic Republic of",2028,39.95847607222888,Extra Trees,0.6343307532292549,Moderate,0
Botswana,2028,58.190094026412005,Extra Trees,0.6311796456792388,Moderate,0
Libya,2028,50.08325690988374,Extra Trees,0.6074458634362631,Moderate,0
Niger,2028,45.542375191991326,Extra Trees,0.6070786458071074,Moderate,0
Ireland,2028,67.14566874169897,Extra Trees,0.5815530193736442,Moderate,0
"Equatorial Guinea, Republic of",2028,47.48374769766722,Extra Trees,0.5774343808432254,Moderate,0
Maldives,2028,57.21668311047016,Extra Trees,0.5696454854021967,Moderate,0
Angola,2028,51.64780235934001,Extra Trees,0.5533405228071803,Moderate,0
Kiribati,2028,42.194139650376414,Extra Trees,0.5507730815653604,Moderate,0
Montenegro,2028,46.911206836623,Extra Trees,0.5251034162602577,Moderate,0
"Iran, Islamic Republic of",2028,48.887380225686165,Extra Trees,0.5249334685201368,Moderate,0
Kuwait,2028,43.23177449008282,Extra Trees,0.5120206697954175,Moderate,0
Cabo Verde,2028,69.16026905505386,Extra Trees,0.4771617991375588,Moderate,0
"Lesotho, Kingdom of",2028,47.57005161372592,Extra Trees,0.4672119207305558,Moderate,0
"Azerbaijan, Republic of",2028,40.47113141480863,Extra Trees,0.4218714033680105,Moderate,0
Burkina Faso,2028,53.5015588540382,Extra Trees,0.4074362340883407,Moderate,0
West Bank and Gaza,2028,51.58118072301646,Extra Trees,0.3966109299176968,Moderate,0
Kyrgyz Republic,2028,43.33635272367171,Extra Trees,0.3857725045615683,Moderate,0
Trinidad and Tobago,2028,36.53019957169886,Extra Trees,0.3509951583555162,Moderate,0
Norway,2028,58.1334514663056,Extra Trees,0.3455036550040824,Moderate,0
Gabon,2028,43.37992031505493,Extra Trees,0.3450322348064705,Moderate,0
Bhutan,2028,34.80066216762199,Extra Trees,0.3434455475002443,Moderate,0
"Mozambique, Republic of",2028,45.5177033656788,Extra Trees,0.3184068529655732,Low,0
Bolivia,2028,45.03259926016476,Extra Trees,0.3033586792598291,Low,0
"Moldova, Republic of",2028,27.16335622313223,Extra Trees,0.28816009726692304,Low,0
Guinea,2028,37.9344853170811,Extra Trees,0.2804576526997665,Low,0
Nigeria,2028,45.038874053674384,Extra Trees,0.2788625385354181,Low,0
Guyana,2028,50.58736216718584,Extra Trees,0.2760729543929038,Low,0
St. Vincent and the Grenadines,2028,47.06134827005989,Extra Trees,0.2717345290614285,Low,0
"Ethiopia, The Federal Democratic Republic of",2028,49.70854945618266,Extra Trees,0.2671511738928606,Low,0
Myanmar,2028,26.47560688607845,Extra Trees,0.261271619879458,Low,0
Pakistan,2028,39.2583270067593,Extra Trees,0.2502692236640988,Low,0
Liberia,2028,23.85361892037777,Extra Trees,0.24577885641447172,Low,0
Dominica,2028,45.856300320132746,Extra Trees,0.22613036281578827,Low,0
Solomon Islands,2028,26.219530712515624,Extra Trees,0.21758522996376278,Low,0
"Bahrain, Kingdom of",2028,46.22271321918903,Extra Trees,0.21646833921478248,Low,0
Mongolia,2028,36.893531104434736,Extra Trees,0.21166469902667365,Low,0
Malawi,2028,44.88278357126959,Extra Trees,0.1996002491493954,Low,0
Saudi Arabia,2028,42.27540430230114,Extra Trees,0.18389979223198494,Low,0
"Tajikistan, Republic of",2028,32.92901578941237,Extra Trees,0.1836690934992826,Low,0
Greece,2028,42.1948385025179,Extra Trees,0.1773012521129358,Low,0
"Poland, Republic of",2028,32.84017661402756,Extra Trees,0.17621507157707908,Low,0
"Egypt, Arab Republic of",2028,34.41538660547678,Extra Trees,0.1754554128718049,Low,0
"Gambia, The",2028,26.86667332419018,Extra Trees,0.16831860768340298,Low,0
Zambia,2028,34.249754152884385,Extra Trees,0.165481371054431,Low,0
"Congo, Republic of",2028,32.14917477964099,Extra Trees,0.1568516836895924,Low,0
"Türkiye, Republic of",2028,32.43297403669775,Extra Trees,0.1557935633288762,Low,0
Sierra Leone,2028,20.248789955055656,Extra Trees,0.144067433342494,Low,0
"Lithuania, Republic of",2028,36.32955235295208,Extra Trees,0.1416587598665899,Low,0
Nicaragua,2028,41.09006100041102,Extra Trees,0.13991480704705875,Low,0
Nepal,2028,26.86556130573162,Extra Trees,0.13738935433006935,Low,0
Qatar,2028,25.157287545216807,Extra Trees,0.1362538645982167,Low,0
Hungary,2028,31.111684637671868,Extra Trees,0.1342558860730571,Low,0
Japan,2028,43.01359130139352,Extra Trees,0.1331973109922651,Low,0
Slovak Republic,2028,29.700319280643253,Extra Trees,0.1265533746013784,Low,0
Malta,2028,27.77623920901985,Extra Trees,0.1253083026658869,Low,0
Jamaica,2028,31.93633988624759,Extra Trees,0.12364813028828776,Low,0
Brunei Darussalam,2028,25.75948623509965,Extra Trees,0.1196246166957618,Low,0
"Latvia, Republic of",2028,27.479017040623404,Extra Trees,0.114535602816034,Low,0
Cyprus,2028,32.90326645107427,Extra Trees,0.1145004364797368,Low,0
Czech Republic,2028,29.06001111326053,Extra Trees,0.11288935225830621,Low,0
Oman,2028,28.404746092669,Extra Trees,0.1111044726143288,Low,0
"Eswatini, Kingdom of",2028,29.451908571876828,Extra Trees,0.11065146389543641,Low,0
Colombia,2028,26.029189982767274,Extra Trees,0.1098618889362267,Low,0
"North Macedonia, Republic of",2028,29.76050614628277,Extra Trees,0.1084083830412086,Low,0
Bulgaria,2028,17.36143242880256,Extra Trees,0.10604125627258651,Low,0
St. Lucia,2028,39.68021734760229,Extra Trees,0.10297380462272952,Low,0
"Congo, Democratic Republic of the",2028,20.614855354713427,Extra Trees,0.1010879997959461,Low,0
"Belarus, Republic of",2028,43.04573900709998,Extra Trees,0.0984920274622971,Low,0
"China, People's Republic of",2028,22.01729993301465,Extra Trees,0.09837478721443009,Low,0
Italy,2028,27.74706983331999,Extra Trees,0.0978079590217626,Low,0
Ecuador,2028,33.67128267489678,Extra Trees,0.0944771038704391,Low,0
Taiwan Province of China,2028,36.27578881186016,Extra Trees,0.0926388772591275,Low,0
Finland,2028,29.65720317258546,Extra Trees,0.0923760403277252,Low,0
Togo,2028,29.049379374116207,Extra Trees,0.0896072544517868,Low,0
Côte d'Ivoire,2028,16.84140733608808,Extra Trees,0.08899579442264656,Low,0
Honduras,2028,22.21338651399647,Extra Trees,0.08873751930383561,Low,0
Mauritius,2028,34.882514424208686,Extra Trees,0.0870199412377011,Low,0
Turkmenistan,2028,20.21928836457624,Extra Trees,0.08450339233866941,Low,0
"Serbia, Republic of",2028,14.497298438019802,Extra Trees,0.083887653764475,Low,0
Djibouti,2028,22.288533169338294,Extra Trees,0.08287978630554486,Low,0
Iceland,2028,16.77183969219797,Extra Trees,0.0825053234690479,Low,0
"Bahamas, The",2028,38.33171499615047,Extra Trees,0.0822042832171634,Low,0
Barbados,2028,26.787160297672944,Extra Trees,0.081479544111621,Low,0
Russian Federation,2028,34.34046598020996,Extra Trees,0.08073752950142955,Low,0
Romania,2028,21.099388713681908,Extra Trees,0.0785335152132627,Low,0
Dominican Republic,2028,17.620876939803917,Extra Trees,0.07395637908378816,Low,0
Chad,2028,23.25907597275579,Extra Trees,0.07371080718738805,Low,0
Papua New Guinea,2028,30.92550119354492,Extra Trees,0.07179092622527336,Low,0
Israel,2028,27.33414518562885,Extra Trees,0.0708373612989111,Low,0
"Estonia, Republic of",2028,22.724175555358112,Extra Trees,0.06920602855364551,Low,0
Portugal,2028,36.96410413481959,Extra Trees,0.0674544961792562,Low,0
"Slovenia, Republic of",2028,24.582812743476072,Extra Trees,0.0640630821470427,Low,0
"Mauritania, Islamic Republic of",2028,26.461541901962853,Extra Trees,0.0632694331325188,Low,0
Mali,2028,24.292028942597256,Extra Trees,0.06193647858152811,Low,0
Singapore,2028,24.144403207701853,Extra Trees,0.05970995642594516,Low,0
Brazil,2028,23.325053134416567,Extra Trees,0.0593669938830691,Low,0
Belize,2028,29.670190619919328,Extra Trees,0.05857077834497987,Low,0
Peru,2028,17.727991729846067,Extra Trees,0.057663048310056794,Low,0
Austria,2028,23.74823210372126,Extra Trees,0.056687376571149306,Low,0
"Croatia, Republic of",2028,26.417668959282096,Extra Trees,0.0559553095848274,Low,0
Chile,2028,32.294243138276784,Extra Trees,0.055142186848043506,Low,0
Cambodia,2028,22.81557472003277,Extra Trees,0.054991119537258104,Low,0
Tunisia,2028,29.69236954745049,Extra Trees,0.054597898494327696,Low,0
United Kingdom,2028,23.74781579766026,Extra Trees,0.0518060006532049,Low,0
Mexico,2028,14.480565675928922,Extra Trees,0.0494440487028206,Low,0
Bosnia and Herzegovina,2028,23.774233197682072,Extra Trees,0.048093121402073405,Low,0
Namibia,2028,14.746737602524618,Extra Trees,0.047177800842217996,Low,0
France,2028,8.790419412412255,Extra Trees,0.0470397342574201,Low,0
"Korea, Republic of",2028,14.75881375914606,Extra Trees,0.0432302110312262,Low,0
New Zealand,2028,18.034246167215336,Extra Trees,0.043135586841662105,Low,0
Canada,2028,16.552285212822706,Extra Trees,0.042906149693291096,Low,0
Kenya,2028,11.531330738384945,Extra Trees,0.0412720541926437,Low,0
Denmark,2028,27.76347377842546,Extra Trees,0.041014709063170895,Low,0
Spain,2028,27.78322143821396,Extra Trees,0.0408730662026293,Low,0
Albania,2028,24.446746890953023,Extra Trees,0.0408412418374521,Low,0
"Netherlands, The",2028,27.312914241076545,Extra Trees,0.0400489322590868,Low,0
Germany,2028,12.324242798130404,Extra Trees,0.039333157001518695,Low,0
"Madagascar, Republic of",2028,4.456775163879327,Extra Trees,0.0389853588330694,Low,0
Philippines,2028,4.900439911460136,Extra Trees,0.0372207441597975,Low,0
Luxembourg,2028,18.68137051207469,Extra Trees,0.0365362086163466,Low,0
Bangladesh,2028,11.740284999347152,Extra Trees,0.0361147924544499,Low,0
Cameroon,2028,8.061034455730988,Extra Trees,0.035917005172406896,Low,0
United States,2028,22.30013453705076,Extra Trees,0.0356371959349286,Low,0
Sweden,2028,16.291219851023804,Extra Trees,0.0355653617042039,Low,0
Uruguay,2028,15.219018727427985,Extra Trees,0.035410865926385156,Low,0
Rwanda,2028,19.39484841607829,Extra Trees,0.03514304763989973,Low,0
Thailand,2028,19.87330017124327,Extra Trees,0.0348583185046314,Low,0
Costa Rica,2028,24.42942325723488,Extra Trees,0.034234419345860176,Low,0
"Kosovo, Republic of",2028,18.74640405323937,Extra Trees,0.0337530157480438,Low,0
Belgium,2028,18.42903830337953,Extra Trees,0.0337229815799421,Low,0
Switzerland,2028,2.206823747474339,Extra Trees,0.0332241791882401,Low,0
Malaysia,2028,11.785868424589086,Extra Trees,0.033035901011876104,Low,0
South Africa,2028,12.450592201723342,Extra Trees,0.0329254824991862,Low,0
Jordan,2028,5.35087812664641,Extra Trees,0.0316772162284141,Low,0
Australia,2028,16.0602443156351,Extra Trees,0.0313874315765598,Low,0
Central African Republic,2028,25.04170356459296,Extra Trees,0.028543537569181193,Low,0
El Salvador,2028,30.920400100570383,Extra Trees,0.028237339304258334,Low,0
Morocco,2028,15.019401093623658,Extra Trees,0.026324663005740014,Low,0
Georgia,2028,25.52334961700704,Extra Trees,0.02620317147157935,Low,0
United Arab Emirates,2028,22.79305117678923,Extra Trees,0.0235217498503463,Low,0
Guinea-Bissau,2028,14.407120261573242,Extra Trees,0.021473686448784026,Low,0
Guatemala,2028,15.32901717710479,Extra Trees,0.020126501026147776,Low,0
Indonesia,2028,1.1319436950859003,Extra Trees,0.019146646119051425,Low,0
"Kazakhstan, Republic of",2028,28.34776956298017,Extra Trees,0.017520055574877815,Low,0
"Comoros, Union of the",2028,14.204284811734258,Extra Trees,0.010129599035839494,Low,0
"Armenia, Republic of",2028,30.16593227536104,Extra Trees,0.01,Low,0
Benin,2028,15.265822430143348,Extra Trees,0.01,Low,0
"Hong Kong Special Administrative Region, People's Republic of China",2028,18.694381604619046,Extra Trees,0.01,Low,0
India,2028,15.613843781966894,Extra Trees,0.01,Low,0
Panama,2028,26.37038554785464,Extra Trees,0.01,Low,0
Paraguay,2028,33.13647354036863,Extra Trees,0.01,Low,0
Seychelles,2028,16.977861306445217,Extra Trees,0.01,Low,0
"Tanzania, United Republic of",2028,13.045699650178769,Extra Trees,0.01,Low,0
Uganda,2028,15.099087140850294,Extra Trees,0.01,Low,0
"Uzbekistan, Republic of",2028,10.895327436918256,Extra Trees,0.01,Low,0
Vietnam,2028,20.61287842066747,Extra Trees,0.01,Low,0
Suriname,2029,61.58891738143003,Extra Trees,0.99,High,1
"Palau, Republic of",2029,72.38629993085416,Extra Trees,0.923931403140218,High,1
Lebanon,2029,80.0011180140304,Extra Trees,0.9123713562533641,High,1
Ukraine,2029,73.25652031690221,Extra Trees,0.894195974220269,High,1
"South Sudan, Republic of",2029,87.73898607139688,Extra Trees,0.8716240152808289,High,1
"Venezuela, República Bolivariana de",2029,55.07200720327623,Extra Trees,0.8567545697222201,High,1
Sri Lanka,2029,75.03458563014759,Extra Trees,0.8387417755551996,High,1
Burundi,2029,71.39008425811619,Extra Trees,0.8355862543485347,High,1
Ghana,2029,71.85105480392748,Extra Trees,0.8331302563452561,High,1
"São Tomé and Príncipe, Democratic Republic of",2029,55.43288735614684,Extra Trees,0.7911659572571491,High,1
Argentina,2029,69.48000355318251,Extra Trees,0.7797356424623435,High,1
Sudan,2029,77.01457352466377,Extra Trees,0.764722477078239,High,1
Haiti,2029,59.29704666962655,Extra Trees,0.7610469532525687,High,1
Senegal,2029,59.0901143265092,Extra Trees,0.7528783239839353,High,1
Lao People's Democratic Republic,2029,65.14144901871556,Extra Trees,0.7251489807623455,High,1
Algeria,2029,52.20090444965937,Extra Trees,0.6477563034881263,Moderate,0
"Afghanistan, Islamic Republic of",2029,39.95847607222888,Extra Trees,0.6443307532292549,Moderate,0
Botswana,2029,58.190094026412005,Extra Trees,0.6411796456792388,Moderate,0
Niger,2029,45.542375191991326,Extra Trees,0.6303268442691927,Moderate,0
Libya,2029,50.08325690988374,Extra Trees,0.6174458634362631,Moderate,0
Angola,2029,51.64780235934001,Extra Trees,0.5979889910247917,Moderate,0
Ireland,2029,67.14566874169897,Extra Trees,0.5915530193736442,Moderate,0
"Equatorial Guinea, Republic of",2029,47.48374769766722,Extra Trees,0.5874343808432254,Moderate,0
Maldives,2029,57.21668311047016,Extra Trees,0.5796454854021967,Moderate,0
Kiribati,2029,42.194139650376414,Extra Trees,0.5607730815653604,Moderate,0
"Iran, Islamic Republic of",2029,48.887380225686165,Extra Trees,0.5522200276886831,Moderate,0
Kuwait,2029,43.23177449008282,Extra Trees,0.5441886980750463,Moderate,0
Montenegro,2029,46.911206836623,Extra Trees,0.5351034162602577,Moderate,0
"Lesotho, Kingdom of",2029,47.57005161372592,Extra Trees,0.5209717330422362,Moderate,0
Cabo Verde,2029,69.16026905505386,Extra Trees,0.48716179913755875,Moderate,0
"Azerbaijan, Republic of",2029,40.47113141480863,Extra Trees,0.4683457678921664,Moderate,0
Burkina Faso,2029,53.5015588540382,Extra Trees,0.41310138609353175,Moderate,0
West Bank and Gaza,2029,51.58118072301646,Extra Trees,0.40661092991769676,Moderate,0
Kyrgyz Republic,2029,43.33635272367171,Extra Trees,0.3957725045615683,Moderate,0
Trinidad and Tobago,2029,36.53019957169886,Extra Trees,0.3609951583555162,Moderate,0
Norway,2029,58.1334514663056,Extra Trees,0.35550365500408243,Moderate,0
Gabon,2029,43.37992031505493,Extra Trees,0.3550322348064705,Moderate,0
Bhutan,2029,34.80066216762199,Extra Trees,0.35344554750024426,Moderate,0
"Mozambique, Republic of",2029,45.5177033656788,Extra Trees,0.32840685296557315,Low,0
Bolivia,2029,45.03259926016476,Extra Trees,0.3133586792598291,Low,0
Guinea,2029,37.9344853170811,Extra Trees,0.29045765269976653,Low,0
Guyana,2029,50.58736216718584,Extra Trees,0.2860729543929038,Low,0
St. Vincent and the Grenadines,2029,47.06134827005989,Extra Trees,0.2817345290614285,Low,0
Nigeria,2029,45.038874053674384,Extra Trees,0.2811575107103276,Low,0
"Ethiopia, The Federal Democratic Republic of",2029,49.70854945618266,Extra Trees,0.2771511738928606,Low,0
"Moldova, Republic of",2029,27.16335622313223,Extra Trees,0.2767143424445607,Low,0
Myanmar,2029,26.47560688607845,Extra Trees,0.271271619879458,Low,0
Pakistan,2029,39.2583270067593,Extra Trees,0.26026922366409877,Low,0
Liberia,2029,23.85361892037777,Extra Trees,0.25100558812088003,Low,0
Dominica,2029,45.856300320132746,Extra Trees,0.23082236729941627,Low,0
"Bahrain, Kingdom of",2029,46.22271321918903,Extra Trees,0.2264683392147825,Low,0
Mongolia,2029,36.893531104434736,Extra Trees,0.22166469902667366,Low,0
Solomon Islands,2029,26.219530712515624,Extra Trees,0.21888087254097205,Low,0
Malawi,2029,44.88278357126959,Extra Trees,0.2096002491493954,Low,0
Malta,2029,27.77623920901985,Extra Trees,0.19685336355526514,Low,0
"Tajikistan, Republic of",2029,32.92901578941237,Extra Trees,0.1936690934992826,Low,0
Greece,2029,42.1948385025179,Extra Trees,0.1873012521129358,Low,0
"Poland, Republic of",2029,32.84017661402756,Extra Trees,0.1862150715770791,Low,0
"Egypt, Arab Republic of",2029,34.41538660547678,Extra Trees,0.18545541287180492,Low,0
Saudi Arabia,2029,42.27540430230114,Extra Trees,0.18039550828680315,Low,0
"Gambia, The",2029,26.86667332419018,Extra Trees,0.178318607683403,Low,0
Zambia,2029,34.249754152884385,Extra Trees,0.175481371054431,Low,0
"Congo, Republic of",2029,32.14917477964099,Extra Trees,0.1668516836895924,Low,0
"Türkiye, Republic of",2029,32.43297403669775,Extra Trees,0.1657935633288762,Low,0
Jamaica,2029,31.93633988624759,Extra Trees,0.1597110997642088,Low,0
St. Lucia,2029,39.68021734760229,Extra Trees,0.15418955172762366,Low,0
Sierra Leone,2029,20.248789955055656,Extra Trees,0.154067433342494,Low,0
"Lithuania, Republic of",2029,36.32955235295208,Extra Trees,0.1516587598665899,Low,0
Qatar,2029,25.157287545216807,Extra Trees,0.1462538645982167,Low,0
Hungary,2029,31.111684637671868,Extra Trees,0.14425588607305712,Low,0
Japan,2029,43.01359130139352,Extra Trees,0.1431973109922651,Low,0
Nicaragua,2029,41.09006100041102,Extra Trees,0.1405735783549769,Low,0
Nepal,2029,26.86556130573162,Extra Trees,0.13798488818752766,Low,0
Slovak Republic,2029,29.700319280643253,Extra Trees,0.1365533746013784,Low,0
Brunei Darussalam,2029,25.75948623509965,Extra Trees,0.13218059028381873,Low,0
Dominican Republic,2029,17.620876939803917,Extra Trees,0.12979016238622426,Low,0
Russian Federation,2029,34.34046598020996,Extra Trees,0.12864308644702727,Low,0
"Serbia, Republic of",2029,14.497298438019802,Extra Trees,0.12620858442292282,Low,0
"Latvia, Republic of",2029,27.479017040623404,Extra Trees,0.124535602816034,Low,0
Cyprus,2029,32.90326645107427,Extra Trees,0.1245004364797368,Low,0
Czech Republic,2029,29.06001111326053,Extra Trees,0.1228893522583062,Low,0
Oman,2029,28.404746092669,Extra Trees,0.1211044726143288,Low,0
Colombia,2029,26.029189982767274,Extra Trees,0.1198618889362267,Low,0
"North Macedonia, Republic of",2029,29.76050614628277,Extra Trees,0.1184083830412086,Low,0
Bulgaria,2029,17.36143242880256,Extra Trees,0.1160412562725865,Low,0
Côte d'Ivoire,2029,16.84140733608808,Extra Trees,0.11422383578207707,Low,0
"Mauritania, Islamic Republic of",2029,26.461541901962853,Extra Trees,0.1136689931444565,Low,0
"Congo, Democratic Republic of the",2029,20.614855354713427,Extra Trees,0.1110879997959461,Low,0
"Eswatini, Kingdom of",2029,29.451908571876828,Extra Trees,0.10910116414769577,Low,0
"China, People's Republic of",2029,22.01729993301465,Extra Trees,0.1090634303040324,Low,0
"Belarus, Republic of",2029,43.04573900709998,Extra Trees,0.1084920274622971,Low,0
Italy,2029,27.74706983331999,Extra Trees,0.1078079590217626,Low,0
Iceland,2029,16.77183969219797,Extra Trees,0.10390017416862728,Low,0
Taiwan Province of China,2029,36.27578881186016,Extra Trees,0.1026388772591275,Low,0
Finland,2029,29.65720317258546,Extra Trees,0.1023760403277252,Low,0
Belize,2029,29.670190619919328,Extra Trees,0.10224846239691308,Low,0
Togo,2029,29.049379374116207,Extra Trees,0.0996072544517868,Low,0
Ecuador,2029,33.67128267489678,Extra Trees,0.09888134887057337,Low,0
Mauritius,2029,34.882514424208686,Extra Trees,0.0970199412377011,Low,0
Djibouti,2029,22.288533169338294,Extra Trees,0.0962375607925788,Low,0
Turkmenistan,2029,20.21928836457624,Extra Trees,0.0945033923386694,Low,0
"Bahamas, The",2029,38.33171499615047,Extra Trees,0.0922042832171634,Low,0
Honduras,2029,22.21338651399647,Extra Trees,0.09173501951279298,Low,0
Barbados,2029,26.787160297672944,Extra Trees,0.091479544111621,Low,0
Romania,2029,21.099388713681908,Extra Trees,0.08853351521326269,Low,0
Israel,2029,27.33414518562885,Extra Trees,0.0808373612989111,Low,0
Chad,2029,23.25907597275579,Extra Trees,0.08016079461675507,Low,0
"Estonia, Republic of",2029,22.724175555358112,Extra Trees,0.0792060285536455,Low,0
United Kingdom,2029,23.74781579766026,Extra Trees,0.07770474732295311,Low,0
Portugal,2029,36.96410413481959,Extra Trees,0.0774544961792562,Low,0
Uruguay,2029,15.219018727427985,Extra Trees,0.07481717045387229,Low,0
"Slovenia, Republic of",2029,24.582812743476072,Extra Trees,0.0740630821470427,Low,0
Papua New Guinea,2029,30.92550119354492,Extra Trees,0.07306313024750972,Low,0
Mali,2029,24.292028942597256,Extra Trees,0.0719364785815281,Low,0
Brazil,2029,23.325053134416567,Extra Trees,0.0693669938830691,Low,0
Mexico,2029,14.480565675928922,Extra Trees,0.0691289501999976,Low,0
Singapore,2029,24.144403207701853,Extra Trees,0.06871587014724984,Low,0
Peru,2029,17.727991729846067,Extra Trees,0.06766304831005679,Low,0
Austria,2029,23.74823210372126,Extra Trees,0.0666873765711493,Low,0
"Croatia, Republic of",2029,26.417668959282096,Extra Trees,0.0659553095848274,Low,0
Chile,2029,32.294243138276784,Extra Trees,0.0651421868480435,Low,0
Cambodia,2029,22.81557472003277,Extra Trees,0.0649911195372581,Low,0
Tunisia,2029,29.69236954745049,Extra Trees,0.0645978984943277,Low,0
Belgium,2029,18.42903830337953,Extra Trees,0.05881763468143498,Low,0
Bosnia and Herzegovina,2029,23.774233197682072,Extra Trees,0.0580931214020734,Low,0
Namibia,2029,14.746737602524618,Extra Trees,0.057177800842218,Low,0
France,2029,8.790419412412255,Extra Trees,0.057039734257420094,Low,0
Canada,2029,16.552285212822706,Extra Trees,0.05701548103234526,Low,0
Georgia,2029,25.52334961700704,Extra Trees,0.0540433029772242,Low,0
"Korea, Republic of",2029,14.75881375914606,Extra Trees,0.0532302110312262,Low,0
New Zealand,2029,18.034246167215336,Extra Trees,0.0531355868416621,Low,0
Kenya,2029,11.531330738384945,Extra Trees,0.051272054192643704,Low,0
Denmark,2029,27.76347377842546,Extra Trees,0.0510147090631709,Low,0
Spain,2029,27.78322143821396,Extra Trees,0.0508730662026293,Low,0
Albania,2029,24.446746890953023,Extra Trees,0.0508412418374521,Low,0
"Netherlands, The",2029,27.312914241076545,Extra Trees,0.0500489322590868,Low,0
Germany,2029,12.324242798130404,Extra Trees,0.0493331570015187,Low,0
"Madagascar, Republic of",2029,4.456775163879327,Extra Trees,0.0489853588330694,Low,0
Philippines,2029,4.900439911460136,Extra Trees,0.047220744159797504,Low,0
Luxembourg,2029,18.68137051207469,Extra Trees,0.046536208616346594,Low,0
Rwanda,2029,19.39484841607829,Extra Trees,0.04648843758780054,Low,0
Bangladesh,2029,11.740284999347152,Extra Trees,0.046114792454449896,Low,0
Cameroon,2029,8.061034455730988,Extra Trees,0.0459170051724069,Low,0
United States,2029,22.30013453705076,Extra Trees,0.0456371959349286,Low,0
Sweden,2029,16.291219851023804,Extra Trees,0.0455653617042039,Low,0
Thailand,2029,19.87330017124327,Extra Trees,0.0448583185046314,Low,0
"Kosovo, Republic of",2029,18.74640405323937,Extra Trees,0.0437530157480438,Low,0
Switzerland,2029,2.206823747474339,Extra Trees,0.0432241791882401,Low,0
Malaysia,2029,11.785868424589086,Extra Trees,0.0430359010118761,Low,0
South Africa,2029,12.450592201723342,Extra Trees,0.0429254824991862,Low,0
Costa Rica,2029,24.42942325723488,Extra Trees,0.04290287929888971,Low,0
Jordan,2029,5.35087812664641,Extra Trees,0.041677216228414096,Low,0
Australia,2029,16.0602443156351,Extra Trees,0.0413874315765598,Low,0
Central African Republic,2029,25.04170356459296,Extra Trees,0.03854353756918119,Low,0
United Arab Emirates,2029,22.79305117678923,Extra Trees,0.030527242990788846,Low,0
Morocco,2029,15.019401093623658,Extra Trees,0.02831153666032142,Low,0
Indonesia,2029,1.1319436950859003,Extra Trees,0.026359518681821077,Low,0
El Salvador,2029,30.920400100570383,Extra Trees,0.02592293821043825,Low,0
Guatemala,2029,15.32901717710479,Extra Trees,0.02275007400109802,Low,0
Guinea-Bissau,2029,14.407120261573242,Extra Trees,0.022316853540128724,Low,0
"Kazakhstan, Republic of",2029,28.34776956298017,Extra Trees,0.019680531995094216,Low,0
"Armenia, Republic of",2029,30.16593227536104,Extra Trees,0.01,Low,0
Benin,2029,15.265822430143348,Extra Trees,0.01,Low,0
"Comoros, Union of the",2029,14.204284811734258,Extra Trees,0.01,Low,0
"Hong Kong Special Administrative Region, People's Republic of China",2029,18.694381604619046,Extra Trees,0.01,Low,0
India,2029,15.613843781966894,Extra Trees,0.01,Low,0
Panama,2029,26.37038554785464,Extra Trees,0.01,Low,0
Paraguay,2029,33.13647354036863,Extra Trees,0.01,Low,0
Seychelles,2029,16.977861306445217,Extra Trees,0.01,Low,0
"Tanzania, United Republic of",2029,13.045699650178769,Extra Trees,0.01,Low,0
Uganda,2029,15.099087140850294,Extra Trees,0.01,Low,0
"Uzbekistan, Republic of",2029,10.895327436918256,Extra Trees,0.01,Low,0
Vietnam,2029,20.61287842066747,Extra Trees,0.01,Low,0
Suriname,2030,61.58891738143003,Extra Trees,0.99,High,1
"Palau, Republic of",2030,72.38629993085416,Extra Trees,0.9402189239355451,High,1
Lebanon,2030,80.0011180140304,Extra Trees,0.9223713562533641,High,1
Ukraine,2030,73.25652031690221,Extra Trees,0.9097477668126875,High,1
"South Sudan, Republic of",2030,87.73898607139688,Extra Trees,0.8816240152808289,High,1
"Venezuela, República Bolivariana de",2030,55.07200720327623,Extra Trees,0.8667545697222201,High,1
Sri Lanka,2030,75.03458563014759,Extra Trees,0.8487417755551996,High,1
Ghana,2030,71.85105480392748,Extra Trees,0.8403593035797412,High,1
Burundi,2030,71.39008425811619,Extra Trees,0.8400998070857812,High,1
"São Tomé and Príncipe, Democratic Republic of",2030,55.43288735614684,Extra Trees,0.8011659572571491,High,1
Argentina,2030,69.48000355318251,Extra Trees,0.7897356424623435,High,1
Sudan,2030,77.01457352466377,Extra Trees,0.774722477078239,High,1
Haiti,2030,59.29704666962655,Extra Trees,0.7710469532525687,High,1
Senegal,2030,59.0901143265092,Extra Trees,0.7628783239839353,High,1
Lao People's Democratic Republic,2030,65.14144901871556,Extra Trees,0.7344658628816938,High,1
"Afghanistan, Islamic Republic of",2030,39.95847607222888,Extra Trees,0.6543307532292549,Moderate,0
Botswana,2030,58.190094026412005,Extra Trees,0.6511796456792388,Moderate,0
Algeria,2030,52.20090444965937,Extra Trees,0.6502869304008373,Moderate,0
Niger,2030,45.542375191991326,Extra Trees,0.6403268442691927,Moderate,0
Angola,2030,51.64780235934001,Extra Trees,0.6362787766547018,Moderate,0
Libya,2030,50.08325690988374,Extra Trees,0.6274458634362631,Moderate,0
Ireland,2030,67.14566874169897,Extra Trees,0.6015530193736442,Moderate,0
"Equatorial Guinea, Republic of",2030,47.48374769766722,Extra Trees,0.5974343808432254,Moderate,0
Maldives,2030,57.21668311047016,Extra Trees,0.5896454854021967,Moderate,0
"Iran, Islamic Republic of",2030,48.887380225686165,Extra Trees,0.5800270439563084,Moderate,0
Kiribati,2030,42.194139650376414,Extra Trees,0.5707730815653604,Moderate,0
Kuwait,2030,43.23177449008282,Extra Trees,0.5697063178707865,Moderate,0
"Lesotho, Kingdom of",2030,47.57005161372592,Extra Trees,0.5616036016604126,Moderate,0
Montenegro,2030,46.911206836623,Extra Trees,0.5451034162602577,Moderate,0
"Azerbaijan, Republic of",2030,40.47113141480863,Extra Trees,0.5038778230590756,Moderate,0
Cabo Verde,2030,69.16026905505386,Extra Trees,0.49716179913755876,Moderate,0
Burkina Faso,2030,53.5015588540382,Extra Trees,0.4200669924971656,Moderate,0
West Bank and Gaza,2030,51.58118072301646,Extra Trees,0.41661092991769677,Moderate,0
Kyrgyz Republic,2030,43.33635272367171,Extra Trees,0.40782006036198876,Moderate,0
Trinidad and Tobago,2030,36.53019957169886,Extra Trees,0.37099515835551616,Moderate,0
Norway,2030,58.1334514663056,Extra Trees,0.3655036550040824,Moderate,0
Gabon,2030,43.37992031505493,Extra Trees,0.36503223480647046,Moderate,0
Bhutan,2030,34.80066216762199,Extra Trees,0.36344554750024427,Moderate,0
"Mozambique, Republic of",2030,45.5177033656788,Extra Trees,0.351581541485603,Moderate,0
Bolivia,2030,45.03259926016476,Extra Trees,0.3233586792598291,Low,0
Guinea,2030,37.9344853170811,Extra Trees,0.3004576526997665,Low,0
Guyana,2030,50.58736216718584,Extra Trees,0.29607295439290376,Low,0
St. Vincent and the Grenadines,2030,47.06134827005989,Extra Trees,0.29173452906142844,Low,0
"Ethiopia, The Federal Democratic Republic of",2030,49.70854945618266,Extra Trees,0.28715117389286055,Low,0
Nigeria,2030,45.038874053674384,Extra Trees,0.2857639912327642,Low,0
Myanmar,2030,26.47560688607845,Extra Trees,0.281271619879458,Low,0
"Moldova, Republic of",2030,27.16335622313223,Extra Trees,0.27170231406890705,Low,0
Pakistan,2030,39.2583270067593,Extra Trees,0.2702692236640988,Low,0
Liberia,2030,23.85361892037777,Extra Trees,0.25766430031536586,Low,0
Malta,2030,27.77623920901985,Extra Trees,0.2499349061778299,Low,0
Dominica,2030,45.856300320132746,Extra Trees,0.24082236729941628,Low,0
"Bahrain, Kingdom of",2030,46.22271321918903,Extra Trees,0.2364683392147825,Low,0
Mongolia,2030,36.893531104434736,Extra Trees,0.23166469902667366,Low,0
Solomon Islands,2030,26.219530712515624,Extra Trees,0.22021633871163254,Low,0
Malawi,2030,44.88278357126959,Extra Trees,0.2196002491493954,Low,0
"Tajikistan, Republic of",2030,32.92901578941237,Extra Trees,0.2036690934992826,Low,0
Greece,2030,42.1948385025179,Extra Trees,0.1973012521129358,Low,0
"Poland, Republic of",2030,32.84017661402756,Extra Trees,0.1962150715770791,Low,0
"Egypt, Arab Republic of",2030,34.41538660547678,Extra Trees,0.19545541287180493,Low,0
St. Lucia,2030,39.68021734760229,Extra Trees,0.1930405747010496,Low,0
"Gambia, The",2030,26.86667332419018,Extra Trees,0.188318607683403,Low,0
Jamaica,2030,31.93633988624759,Extra Trees,0.1879551783973535,Low,0
Zambia,2030,34.249754152884385,Extra Trees,0.18548137105443102,Low,0
Saudi Arabia,2030,42.27540430230114,Extra Trees,0.1809425095251759,Low,0
"Congo, Republic of",2030,32.14917477964099,Extra Trees,0.17632063605860718,Low,0
"Türkiye, Republic of",2030,32.43297403669775,Extra Trees,0.17579356332887622,Low,0
Dominican Republic,2030,17.620876939803917,Extra Trees,0.17187381069792954,Low,0
Russian Federation,2030,34.34046598020996,Extra Trees,0.16517697630894565,Low,0
Sierra Leone,2030,20.248789955055656,Extra Trees,0.164067433342494,Low,0
"Mauritania, Islamic Republic of",2030,26.461541901962853,Extra Trees,0.1617145144981579,Low,0
"Lithuania, Republic of",2030,36.32955235295208,Extra Trees,0.1616587598665899,Low,0
"Serbia, Republic of",2030,14.497298438019802,Extra Trees,0.16020086518344076,Low,0
Brunei Darussalam,2030,25.75948623509965,Extra Trees,0.15706757169191585,Low,0
Qatar,2030,25.157287545216807,Extra Trees,0.1562538645982167,Low,0
Hungary,2030,31.111684637671868,Extra Trees,0.1542558860730571,Low,0
Japan,2030,43.01359130139352,Extra Trees,0.1531973109922651,Low,0
Slovak Republic,2030,29.700319280643253,Extra Trees,0.1465533746013784,Low,0
Nicaragua,2030,41.09006100041102,Extra Trees,0.14403471827051964,Low,0
Nepal,2030,26.86556130573162,Extra Trees,0.1414017618877485,Low,0
Belize,2030,29.670190619919328,Extra Trees,0.13582284123326632,Low,0
"Latvia, Republic of",2030,27.479017040623404,Extra Trees,0.134535602816034,Low,0
Cyprus,2030,32.90326645107427,Extra Trees,0.1345004364797368,Low,0
Czech Republic,2030,29.06001111326053,Extra Trees,0.1328893522583062,Low,0
Oman,2030,28.404746092669,Extra Trees,0.1311044726143288,Low,0
Iceland,2030,16.77183969219797,Extra Trees,0.13061056452648048,Low,0
Colombia,2030,26.029189982767274,Extra Trees,0.1298618889362267,Low,0
Côte d'Ivoire,2030,16.84140733608808,Extra Trees,0.12852692753149111,Low,0
"North Macedonia, Republic of",2030,29.76050614628277,Extra Trees,0.1284083830412086,Low,0
Bulgaria,2030,17.36143242880256,Extra Trees,0.1260412562725865,Low,0
"Congo, Democratic Republic of the",2030,20.614855354713427,Extra Trees,0.12108799979594609,Low,0
"China, People's Republic of",2030,22.01729993301465,Extra Trees,0.11906343030403241,Low,0
"Belarus, Republic of",2030,43.04573900709998,Extra Trees,0.11849202746229709,Low,0
Italy,2030,27.74706983331999,Extra Trees,0.11780795902176261,Low,0
Taiwan Province of China,2030,36.27578881186016,Extra Trees,0.1126388772591275,Low,0
Finland,2030,29.65720317258546,Extra Trees,0.11237604032772519,Low,0
"Eswatini, Kingdom of",2030,29.451908571876828,Extra Trees,0.11101595432427733,Low,0
Togo,2030,29.049379374116207,Extra Trees,0.10960725445178679,Low,0
Mauritius,2030,34.882514424208686,Extra Trees,0.10926034209088067,Low,0
Djibouti,2030,22.288533169338294,Extra Trees,0.10858800293350251,Low,0
Uruguay,2030,15.219018727427985,Extra Trees,0.1054015836231133,Low,0
Romania,2030,21.099388713681908,Extra Trees,0.1053211670502592,Low,0
Turkmenistan,2030,20.21928836457624,Extra Trees,0.1045033923386694,Low,0
"Bahamas, The",2030,38.33171499615047,Extra Trees,0.1022042832171634,Low,0
Barbados,2030,26.787160297672944,Extra Trees,0.101479544111621,Low,0
Ecuador,2030,33.67128267489678,Extra Trees,0.1012474811582034,Low,0
United Kingdom,2030,23.74781579766026,Extra Trees,0.10062046684293457,Low,0
Honduras,2030,22.21338651399647,Extra Trees,0.09683326965906314,Low,0
Mexico,2030,14.480565675928922,Extra Trees,0.0925403535709416,Low,0
Israel,2030,27.33414518562885,Extra Trees,0.0908373612989111,Low,0
"Estonia, Republic of",2030,22.724175555358112,Extra Trees,0.08920602855364551,Low,0
Chad,2030,23.25907597275579,Extra Trees,0.08767578581731197,Low,0
Portugal,2030,36.96410413481959,Extra Trees,0.0874544961792562,Low,0
"Croatia, Republic of",2030,26.417668959282096,Extra Trees,0.08617242952008597,Low,0
"Slovenia, Republic of",2030,24.582812743476072,Extra Trees,0.0840630821470427,Low,0
Mali,2030,24.292028942597256,Extra Trees,0.08193647858152811,Low,0
Belgium,2030,18.42903830337953,Extra Trees,0.0814788394356257,Low,0
Canada,2030,16.552285212822706,Extra Trees,0.07972596275958932,Low,0
Brazil,2030,23.325053134416567,Extra Trees,0.0793669938830691,Low,0
Singapore,2030,24.144403207701853,Extra Trees,0.07802000975216308,Low,0
Peru,2030,17.727991729846067,Extra Trees,0.0776630483100568,Low,0
Papua New Guinea,2030,30.92550119354492,Extra Trees,0.07695367306307521,Low,0
Austria,2030,23.74823210372126,Extra Trees,0.0766873765711493,Low,0
Chile,2030,32.294243138276784,Extra Trees,0.0751421868480435,Low,0
Cambodia,2030,22.81557472003277,Extra Trees,0.0749911195372581,Low,0
Tunisia,2030,29.69236954745049,Extra Trees,0.0745978984943277,Low,0
Bosnia and Herzegovina,2030,23.774233197682072,Extra Trees,0.06809312140207341,Low,0
Namibia,2030,14.746737602524618,Extra Trees,0.067177800842218,Low,0
France,2030,8.790419412412255,Extra Trees,0.0670397342574201,Low,0
Georgia,2030,25.52334961700704,Extra Trees,0.0640433029772242,Low,0
"Korea, Republic of",2030,14.75881375914606,Extra Trees,0.0632302110312262,Low,0
New Zealand,2030,18.034246167215336,Extra Trees,0.0631355868416621,Low,0
Kenya,2030,11.531330738384945,Extra Trees,0.0612720541926437,Low,0
Denmark,2030,27.76347377842546,Extra Trees,0.0610147090631709,Low,0
Spain,2030,27.78322143821396,Extra Trees,0.060873066202629306,Low,0
Albania,2030,24.446746890953023,Extra Trees,0.0608412418374521,Low,0
"Netherlands, The",2030,27.312914241076545,Extra Trees,0.0600489322590868,Low,0
Germany,2030,12.324242798130404,Extra Trees,0.0593331570015187,Low,0
"Madagascar, Republic of",2030,4.456775163879327,Extra Trees,0.0589853588330694,Low,0
Rwanda,2030,19.39484841607829,Extra Trees,0.05743021055133111,Low,0
Philippines,2030,4.900439911460136,Extra Trees,0.0572207441597975,Low,0
Luxembourg,2030,18.68137051207469,Extra Trees,0.0565362086163466,Low,0
Bangladesh,2030,11.740284999347152,Extra Trees,0.056114792454449905,Low,0
Cameroon,2030,8.061034455730988,Extra Trees,0.0559170051724069,Low,0
United States,2030,22.30013453705076,Extra Trees,0.0556371959349286,Low,0
Sweden,2030,16.291219851023804,Extra Trees,0.0555653617042039,Low,0
Thailand,2030,19.87330017124327,Extra Trees,0.0548583185046314,Low,0
"Kosovo, Republic of",2030,18.74640405323937,Extra Trees,0.0537530157480438,Low,0
Switzerland,2030,2.206823747474339,Extra Trees,0.0532241791882401,Low,0
Malaysia,2030,11.785868424589086,Extra Trees,0.0530359010118761,Low,0
South Africa,2030,12.450592201723342,Extra Trees,0.0529254824991862,Low,0
Costa Rica,2030,24.42942325723488,Extra Trees,0.05197080126601038,Low,0
Jordan,2030,5.35087812664641,Extra Trees,0.051677216228414105,Low,0
Australia,2030,16.0602443156351,Extra Trees,0.0513874315765598,Low,0
Central African Republic,2030,25.04170356459296,Extra Trees,0.04854353756918119,Low,0
United Arab Emirates,2030,22.79305117678923,Extra Trees,0.03843108818909863,Low,0
Indonesia,2030,1.1319436950859003,Extra Trees,0.03440852947575982,Low,0
Morocco,2030,15.019401093623658,Extra Trees,0.03270234821852842,Low,0
Guatemala,2030,15.32901717710479,Extra Trees,0.02758657508356318,Low,0
El Salvador,2030,30.920400100570383,Extra Trees,0.02730285744476421,Low,0
Guinea-Bissau,2030,14.407120261573242,Extra Trees,0.025907070504070026,Low,0
"Kazakhstan, Republic of",2030,28.34776956298017,Extra Trees,0.0241928654892457,Low,0
"Armenia, Republic of",2030,30.16593227536104,Extra Trees,0.0192344201733226,Low,0
Paraguay,2030,33.13647354036863,Extra Trees,0.012929765508325287,Low,0
Benin,2030,15.265822430143348,Extra Trees,0.01,Low,0
"Comoros, Union of the",2030,14.204284811734258,Extra Trees,0.01,Low,0
"Hong Kong Special Administrative Region, People's Republic of China",2030,18.694381604619046,Extra Trees,0.01,Low,0
India,2030,15.613843781966894,Extra Trees,0.01,Low,0
Panama,2030,26.37038554785464,Extra Trees,0.01,Low,0
Seychelles,2030,16.977861306445217,Extra Trees,0.01,Low,0
"Tanzania, United Republic of",2030,13.045699650178769,Extra Trees,0.01,Low,0
Uganda,2030,15.099087140850294,Extra Trees,0.01,Low,0
"Uzbekistan, Republic of",2030,10.895327436918256,Extra Trees,0.01,Low,0
Vietnam,2030,20.61287842066747,Extra Trees,0.01,Low,0
