COUNTRY,YEAR,IMF_GDP_Growth,Predicted_GDP_Growth,Prediction_Error,Crisis_Probability,Risk_Level,Early_Warning_Flag
Lebanon,2026,,2.005998685948278,,0.962371356253364,High,1
"South Sudan, Republic of",2026,4.141,8.807187258000283,-4.666187258000283,0.9216240152808288,High,1
"Palau, Republic of",2026,3.3,5.812477973360061,-2.5124779733600615,0.9142025235104334,High,1
Suriname,2026,3.927,1.4806923038769697,2.4463076961230303,0.8899450076406786,High,1
Ukraine,2026,2.0,1.7521439954998823,0.2478560045001177,0.864195974220269,High,1
Burundi,2026,3.819,4.602521507479001,-0.7835215074790014,0.860700390619497,High,1
Ghana,2026,4.75,5.060517048019039,-0.31051704801903934,0.8561729136984977,High,1
Argentina,2026,3.5,3.7395919124783017,-0.2395919124783017,0.8297356424623434,High,1
Sudan,2026,0.713,3.8036560647700632,-3.090656064770063,0.814722477078239,High,1
Sri Lanka,2026,,2.6045776164011243,,0.8087417755551995,High,1
Senegal,2026,2.173,6.690258178133816,-4.517258178133816,0.8028783239839352,High,1
"São Tomé and Príncipe, Democratic Republic of",2026,3.4,2.0854782093558324,1.3145217906441675,0.7611659572571491,High,1
Haiti,2026,-1.7,2.111719545452164,-3.8117195454521635,0.7310469532525686,High,1
Lao People's Democratic Republic,2026,4.013,4.230672475669497,-0.217672475669497,0.7071996614147703,High,1
Algeria,2026,3.777,4.298127123701382,-0.5211271237013815,0.6753846237276266,High,1
Libya,2026,6.72,8.515446052611228,-1.7954460526112284,0.667445863436263,High,1
Ireland,2026,2.516,6.849478446112501,-4.333478446112501,0.6415530193736442,Moderate,0
Maldives,2026,3.022,4.281410496058907,-1.2594104960589072,0.6296454854021967,Moderate,0
"Venezuela, República Bolivariana de",2026,4.043,-1.026971911172763,5.069971911172763,0.62675456972222,Moderate,0
"Afghanistan, Islamic Republic of",2026,,2.6658896867874025,,0.6143307532292549,Moderate,0
Botswana,2026,4.749,1.9169626291351365,2.832037370864863,0.6111796456792388,Moderate,0
Niger,2026,6.728,6.116178925843079,0.6118210741569206,0.6003268442691927,Moderate,0
Angola,2026,2.294,2.9195455353272384,-0.6255455353272383,0.5333405228071803,Moderate,0
Kiribati,2026,3.102,3.806704348013183,-0.7047043480131832,0.5307730815653604,Moderate,0
Montenegro,2026,2.8,2.7841714246619587,0.015828575338041162,0.5051034162602577,Moderate,0
"Iran, Islamic Republic of",2026,-6.07,1.9281676869555704,-7.99816768695557,0.5049334685201368,Moderate,0
Cabo Verde,2026,4.787,5.127602579866672,-0.34060257986667164,0.4571617991375588,Moderate,0
Kuwait,2026,-0.561,0.7812596856150889,-1.342259685615089,0.4541741682080718,Moderate,0
Kyrgyz Republic,2026,6.075,7.436786023756843,-1.361786023756843,0.4457725045615683,Moderate,0
"Lesotho, Kingdom of",2026,1.111,2.6548969595618743,-1.5438969595618743,0.4281370117089417,Moderate,0
Burkina Faso,2026,4.858,4.307028776130249,0.5509712238697508,0.412709795179434,Moderate,0
Bhutan,2026,7.478,6.159943898925898,1.3180561010741014,0.4034455475002443,Moderate,0
"Azerbaijan, Republic of",2026,2.217,2.3581644404581885,-0.14116444045818843,0.393235911735685,Moderate,0
West Bank and Gaza,2026,,2.6925473503397988,,0.3766109299176968,Moderate,0
"Equatorial Guinea, Republic of",2026,-2.686,-0.0720510132824883,-2.613948986717512,0.3574343808432253,Moderate,0
Guinea,2026,8.677,6.126936985852296,2.550063014147703,0.3404576526997665,Moderate,0
Guyana,2026,16.168,28.916066748850454,-12.748066748850455,0.3360729543929038,Moderate,0
St. Vincent and the Grenadines,2026,3.0,3.1523045724103778,-0.15230457241037776,0.3317345290614285,Moderate,0
Trinidad and Tobago,2026,0.766,1.7016503281026782,-0.9356503281026782,0.3309951583555162,Moderate,0
"Ethiopia, The Federal Democratic Republic of",2026,9.204,8.193456066050802,1.010543933949199,0.3271511738928606,Low,0
Norway,2026,1.475,2.035150595578895,-0.5601505955788948,0.3255036550040824,Low,0
Gabon,2026,2.665,2.791555798802196,-0.12655579880219614,0.3250322348064705,Low,0
"Mozambique, Republic of",2026,0.519,1.9466243021534608,-1.4276243021534607,0.2984068529655732,Low,0
Nigeria,2026,4.058,4.314330965954363,-0.2563309659543629,0.296071966589653,Low,0
"Moldova, Republic of",2026,1.9,2.4655371717731462,-0.5655371717731463,0.2914149755056525,Low,0
Bolivia,2026,-3.285,1.4015731859618052,-4.686573185961805,0.2833586792598291,Low,0
Dominica,2026,3.137,4.519068078544589,-1.3820680785445894,0.2808223672994163,Low,0
Mongolia,2026,5.261,6.094468524933204,-0.8334685249332034,0.2716646990266737,Low,0
Liberia,2026,5.111,4.501595689057004,0.6094043109429954,0.2590590312859757,Low,0
"Tajikistan, Republic of",2026,6.0,7.048680511314572,-1.048680511314572,0.2436690934992826,Low,0
Myanmar,2026,2.995,1.9547666223036648,1.0402333776963353,0.241271619879458,Low,0
"Egypt, Arab Republic of",2026,4.24,4.393357571426926,-0.15335757142692596,0.2354554128718049,Low,0
Pakistan,2026,3.603,2.513109810738666,1.0898901892613342,0.2302692236640988,Low,0
Saudi Arabia,2026,3.115,3.7106301514421816,-0.5956301514421813,0.2011057279742258,Low,0
Solomon Islands,2026,2.785,2.601480948375832,0.18351905162416804,0.1975852299637628,Low,0
"Bahrain, Kingdom of",2026,-0.499,2.450550634549429,-2.949550634549429,0.1964683392147825,Low,0
Malawi,2026,2.227,1.8117960670566984,0.4152039329433015,0.1796002491493954,Low,0
Greece,2026,1.802,2.2066898782470927,-0.4046898782470927,0.1573012521129358,Low,0
"Poland, Republic of",2026,3.324,2.542067155317426,0.781932844682574,0.1562150715770791,Low,0
Nicaragua,2026,3.84,4.102186868616012,-0.2621868686160118,0.1557293804428424,Low,0
Taiwan Province of China,2026,5.181,5.10523999767184,0.07576000232815971,0.1526388772591275,Low,0
"Gambia, The",2026,5.112,3.968142790372711,1.143857209627289,0.148318607683403,Low,0
Nepal,2026,2.956,3.8942435386613625,-0.9382435386613626,0.1464918786303206,Low,0
Zambia,2026,4.287,4.029082885437241,0.25791711456275923,0.145481371054431,Low,0
"Congo, Republic of",2026,2.837,2.4182556224587497,0.4187443775412505,0.1368516836895924,Low,0
"Türkiye, Republic of",2026,3.366,3.0539340318981028,0.31206596810189735,0.1357935633288762,Low,0
Sierra Leone,2026,4.55,4.102591984348731,0.447408015651269,0.124067433342494,Low,0
"Lithuania, Republic of",2026,2.912,2.326123791629148,0.585876208370852,0.1216587598665899,Low,0
Djibouti,2026,6.0,6.026075477370509,-0.02607547737050897,0.118766213861519,Low,0
Qatar,2026,-8.646,2.41544718194624,-11.06144718194624,0.1162538645982167,Low,0
"Eswatini, Kingdom of",2026,4.037,3.536499690316394,0.500500309683606,0.1152739220852191,Low,0
Hungary,2026,1.662,1.8426072401121056,-0.18060724011210572,0.1142558860730571,Low,0
Japan,2026,0.719,1.965774302692064,-1.2467743026920641,0.1131973109922651,Low,0
Slovak Republic,2026,0.601,1.4743489282391202,-0.8733489282391202,0.1065533746013784,Low,0
Papua New Guinea,2026,3.753,4.702699730588659,-0.9496997305886588,0.1054943590725106,Low,0
Brunei Darussalam,2026,2.6,1.8499003115468884,0.7500996884531117,0.0996246166957618,Low,0
Jamaica,2026,-1.152,1.7237990982903548,-2.8757990982903547,0.0994155380414468,Low,0
"Latvia, Republic of",2026,2.218,2.0602978517301014,0.1577021482698986,0.094535602816034,Low,0
Cyprus,2026,2.953,3.48235539724563,-0.52935539724563,0.0945004364797368,Low,0
Czech Republic,2026,2.234,2.328062215743058,-0.09406221574305818,0.0928893522583062,Low,0
Oman,2026,3.452,2.342821618057809,1.1091783819421908,0.0911044726143288,Low,0
Colombia,2026,2.342,2.343759273475066,-0.0017592734750659922,0.0898618889362267,Low,0
Central African Republic,2026,2.613,3.865428716089151,-1.2524287160891512,0.0885435375691812,Low,0
Côte d'Ivoire,2026,6.2,6.170893400063206,0.029106599936794098,0.0885269275314911,Low,0
"North Macedonia, Republic of",2026,3.1,3.265936553437278,-0.1659365534372781,0.0884083830412086,Low,0
Rwanda,2026,7.233,6.327658859757701,0.9053411402422986,0.0880639968874053,Low,0
Bulgaria,2026,2.773,2.963147939142087,-0.19014793914208683,0.0860412562725865,Low,0
Honduras,2026,3.3,3.7855165463879463,-0.4855165463879465,0.0858824578802484,Low,0
Chad,2026,5.23,4.487329081090175,0.7426709189098251,0.0822714800334063,Low,0
"Congo, Democratic Republic of the",2026,5.901,5.268570876432691,0.6324291235673085,0.0810879997959461,Low,0
"China, People's Republic of",2026,4.413,4.102319493124917,0.31068050687508286,0.0790634303040324,Low,0
"Belarus, Republic of",2026,1.22,2.425557847280551,-1.205557847280551,0.0784920274622971,Low,0
Italy,2026,0.521,1.559399757444608,-1.038399757444608,0.0778079590217626,Low,0
Ecuador,2026,2.51,2.705642012378751,-0.19564201237875123,0.0744771038704391,Low,0
Finland,2026,1.047,1.3707850081793709,-0.32378500817937095,0.0723760403277252,Low,0
Togo,2026,5.0,4.916510662457905,0.08348933754209487,0.0696072544517868,Low,0
St. Lucia,2026,1.963,2.5430697281778163,-0.5800697281778162,0.0671338827085182,Low,0
Mauritius,2026,3.4,3.069055581748003,0.3309444182519967,0.0670199412377011,Low,0
Malta,2026,3.7,3.4815437385670367,0.21845626143296348,0.0658618089576204,Low,0
Turkmenistan,2026,2.6,3.30036733176138,-0.7003673317613801,0.0645033923386694,Low,0
"Serbia, Republic of",2026,2.835,2.4173186967747338,0.4176813032252662,0.063887653764475,Low,0
Iceland,2026,1.902,1.9059662445331071,-0.003966244533107233,0.0625053234690479,Low,0
"Bahamas, The",2026,2.1,2.8196464461072157,-0.7196464461072156,0.0622042832171634,Low,0
Barbados,2026,2.465,2.859339728078519,-0.39433972807851925,0.061479544111621,Low,0
"Armenia, Republic of",2026,5.3,6.1351221013095545,-0.8351221013095547,0.0592344201733226,Low,0
Romania,2026,0.694,1.2797418491993406,-0.5857418491993407,0.0585335152132627,Low,0
Guinea-Bissau,2026,4.9,4.74915744845796,0.1508425515420404,0.0582142053661868,Low,0
"Kazakhstan, Republic of",2026,4.609,4.935772654992975,-0.3267726549929746,0.0559108245215119,Low,0
Israel,2026,3.53,2.4875532027577014,1.0424467972422984,0.0508373612989111,Low,0
"Estonia, Republic of",2026,1.429,1.8887847267563207,-0.45978472675632065,0.0492060285536455,Low,0
Portugal,2026,1.93,2.211767010783754,-0.281767010783754,0.0474544961792562,Low,0
Paraguay,2026,4.2,4.69821532768176,-0.49821532768176,0.0467506990645838,Low,0
Russian Federation,2026,1.091,2.3502083255404878,-1.2592083255404878,0.0467388706610742,Low,0
"Slovenia, Republic of",2026,2.0,1.9618236626004464,0.03817633739955362,0.0440630821470427,Low,0
Panama,2026,3.84,4.129509183860191,-0.28950918386019087,0.0440602403266964,Low,0
"Mauritania, Islamic Republic of",2026,4.417,4.050299864752854,0.36670013524714573,0.0432694331325188,Low,0
Singapore,2026,3.507,3.970491424594032,-0.4634914245940318,0.0421752080085668,Low,0
Mali,2026,5.5,4.168425503105516,1.3315744968944836,0.0419364785815281,Low,0
Brazil,2026,1.911,2.6640588561375025,-0.7530588561375025,0.0393669938830691,Low,0
Peru,2026,2.82,2.7378574973719387,0.08214250262806111,0.0376630483100568,Low,0
El Salvador,2026,3.3,3.595939866325893,-0.295939866325893,0.0374921005481026,Low,0
Morocco,2026,4.872,4.09989325696773,0.7721067430322694,0.0374550806608785,Low,0
Uganda,2026,7.508,6.085177215387202,1.4228227846127979,0.0368548546939804,Low,0
Austria,2026,0.682,1.816645011928169,-1.134645011928169,0.0366873765711493,Low,0
"Croatia, Republic of",2026,2.638,2.990155597727826,-0.3521555977278261,0.0359553095848274,Low,0
Chile,2026,2.396,2.340436126637044,0.055563873362955984,0.0351421868480435,Low,0
Cambodia,2026,4.022,4.325092316930179,-0.30309231693017846,0.0349911195372581,Low,0
Tunisia,2026,2.113,2.3175442311481587,-0.20454423114815867,0.0345978984943277,Low,0
"Hong Kong Special Administrative Region, People's Republic of China",2026,2.42,3.4402840666739385,-1.0202840666739386,0.032730409870558,Low,0
United Kingdom,2026,0.797,1.331321028631824,-0.534321028631824,0.0318060006532049,Low,0
Mexico,2026,1.639,1.5188951701945006,0.12010482980549941,0.0294440487028206,Low,0
Belize,2026,2.192,2.145361067587798,0.046638932412202294,0.0289978870543974,Low,0
"Comoros, Union of the",2026,4.083,3.808327391242664,0.27467260875733635,0.0286453610810888,Low,0
Bosnia and Herzegovina,2026,2.2,2.235031235951076,-0.0350312359510756,0.0280931214020734,Low,0
Namibia,2026,2.396,2.695129384576796,-0.29912938457679594,0.027177800842218,Low,0
France,2026,0.858,1.5106624581739605,-0.6526624581739605,0.0270397342574201,Low,0
Vietnam,2026,7.1,6.973581289801597,0.12641871019840245,0.0258557468365753,Low,0
United Arab Emirates,2026,3.143,4.324075091827988,-1.1810750918279886,0.0247133583423969,Low,0
Georgia,2026,5.306,6.482661522746192,-1.1766615227461923,0.0240433029772242,Low,0
"Korea, Republic of",2026,1.862,1.655268337218344,0.206731662781656,0.0232302110312262,Low,0
New Zealand,2026,2.131,1.2045423399615556,0.9264576600384442,0.0231355868416621,Low,0
Canada,2026,1.5,1.5409011273101414,-0.040901127310141394,0.0229061496932911,Low,0
Kenya,2026,4.474,4.220147980303824,0.25385201969617643,0.0212720541926437,Low,0
Denmark,2026,2.0,2.4861724465951287,-0.4861724465951287,0.0210147090631709,Low,0
Spain,2026,2.09,2.757430324669817,-0.6674303246698172,0.0208730662026293,Low,0
Albania,2026,3.409,3.5828552956950315,-0.17385529569503166,0.0208412418374521,Low,0
"Netherlands, The",2026,1.233,1.9238325895695705,-0.6908325895695704,0.0200489322590868,Low,0
"Uzbekistan, Republic of",2026,6.474,6.646925262217945,-0.17292526221794446,0.0195840073575286,Low,0
Germany,2026,0.791,1.7998012544156226,-1.0088012544156224,0.0193331570015187,Low,0
"Madagascar, Republic of",2026,3.636,3.1029902729274323,0.5330097270725678,0.0189853588330694,Low,0
Guatemala,2026,3.94,3.774504971974,0.16549502802600013,0.0182016856890592,Low,0
Costa Rica,2026,3.56,3.976973490726091,-0.4169734907260909,0.0180864977711172,Low,0
Philippines,2026,4.066,3.960029116054342,0.10597088394565768,0.0172207441597975,Low,0
Luxembourg,2026,1.592,1.8437708675332405,-0.2517708675332404,0.0165362086163466,Low,0
Bangladesh,2026,4.693,3.451971813078057,1.2410281869219428,0.0161147924544499,Low,0
Cameroon,2026,3.344,3.012181420665856,0.33181857933414394,0.0159170051724069,Low,0
Seychelles,2026,1.521,4.318980093288223,-2.7979800932882233,0.0157817096653609,Low,0
United States,2026,2.324,2.2940194011067594,0.02998059889324045,0.0156371959349286,Low,0
Sweden,2026,1.963,1.9115709550142068,0.05142904498579326,0.0155653617042039,Low,0
Thailand,2026,1.5,2.638996310721889,-1.1389963107218888,0.0148583185046314,Low,0
Benin,2026,6.972,6.477917745471019,0.4940822545289816,0.0143228735001381,Low,0
India,2026,6.478,6.594937929780024,-0.1169379297800246,0.0141773930544444,Low,0
Dominican Republic,2026,3.72,2.3811668810221427,1.3388331189778575,0.0139995565754231,Low,0
"Kosovo, Republic of",2026,3.3,3.265962714760952,0.03403728523904803,0.0137530157480438,Low,0
Belgium,2026,0.661,1.3149021806335637,-0.6539021806335636,0.0137229815799421,Low,0
Switzerland,2026,1.342,2.0150781755141995,-0.6730781755141995,0.0132241791882401,Low,0
Uruguay,2026,1.8,1.996058921332805,-0.196058921332805,0.0131919391425598,Low,0
Malaysia,2026,4.7,4.159600755414648,0.5403992445853518,0.0130359010118761,Low,0
South Africa,2026,1.049,1.4902729982531029,-0.44127299825310295,0.0129254824991862,Low,0
Indonesia,2026,4.95,4.110728818843391,0.8392711811566089,0.0125072325498004,Low,0
"Tanzania, United Republic of",2026,5.94,4.600569179323535,1.3394308206764656,0.0123649138888058,Low,0
Jordan,2026,2.748,2.7468008323508792,0.0011991676491209802,0.0116772162284141,Low,0
Australia,2026,2.009,1.9414528582919743,0.06754714170802556,0.0113874315765598,Low,0
Suriname,2027,,0.06506472796594798,,0.8999450076406786,High,1
Lebanon,2027,,7.087414929501898,,0.8923713562533641,High,1
"Palau, Republic of",2027,,5.2625490408241715,,0.882117555482961,High,1
Ukraine,2027,,1.0165814817421825,,0.874195974220269,High,1
"South Sudan, Republic of",2027,,17.44740204043295,,0.8516240152808289,High,1
"Venezuela, República Bolivariana de",2027,,-4.328381846799978,,0.8367545697222201,High,1
Burundi,2027,,5.082385699556566,,0.8346208673009448,High,1
Ghana,2027,,5.302874432757949,,0.8227437659398994,High,1
Sri Lanka,2027,,2.6045776164011243,,0.8187417755551996,High,1
"São Tomé and Príncipe, Democratic Republic of",2027,,2.371994242124008,,0.7711659572571491,High,1
Argentina,2027,,10.636550951126852,,0.7597356424623435,High,1
Sudan,2027,,10.199607083385075,,0.744722477078239,High,1
Haiti,2027,,2.4560259524635537,,0.7410469532525686,High,1
Senegal,2027,,8.23649353502101,,0.7328783239839353,High,1
Lao People's Democratic Republic,2027,,4.290420395260021,,0.7075189815727696,High,1
Algeria,2027,,4.95142506136514,,0.6536704550154553,Moderate,0
"Afghanistan, Islamic Republic of",2027,,2.838034841755477,,0.6243307532292549,Moderate,0
Botswana,2027,,2.043477477800178,,0.6211796456792388,Moderate,0
Libya,2027,,16.808137176359516,,0.597445863436263,Moderate,0
Niger,2027,,5.105159530560422,,0.5734881932505119,Moderate,0
Ireland,2027,,10.707254377736064,,0.5715530193736442,Moderate,0
Maldives,2027,,6.119470079759248,,0.5689964827435551,Moderate,0
Angola,2027,,1.2699953528251982,,0.5433405228071803,Moderate,0
Kiribati,2027,,3.2458067807981195,,0.5407730815653604,Moderate,0
"Equatorial Guinea, Republic of",2027,,-2.9974022453916156,,0.5173044931128061,Moderate,0
Montenegro,2027,,2.433996481169673,,0.5151034162602577,Moderate,0
"Iran, Islamic Republic of",2027,,0.8898577005051154,,0.5149334685201368,Moderate,0
Kuwait,2027,,-0.12355779518608867,,0.4703520579673763,Moderate,0
Cabo Verde,2027,,4.108741012223742,,0.46353709873010074,Moderate,0
"Lesotho, Kingdom of",2027,,0.8687821713300181,,0.4381370117089417,Moderate,0
Burkina Faso,2027,,4.5724276329552795,,0.4036288740809247,Moderate,0
"Azerbaijan, Republic of",2027,,0.8694148680436604,,0.403235911735685,Moderate,0
West Bank and Gaza,2027,,2.6925473503397988,,0.3866109299176968,Moderate,0
Kyrgyz Republic,2027,,7.003223963839963,,0.3757725045615683,Moderate,0
Trinidad and Tobago,2027,,1.3997870549168403,,0.3409951583555162,Moderate,0
Norway,2027,,2.2878097814947456,,0.3355036550040824,Moderate,0
Gabon,2027,,2.2454181003669733,,0.3350322348064705,Moderate,0
Bhutan,2027,,7.054241926423253,,0.3334455475002443,Moderate,0
"Mozambique, Republic of",2027,,1.0740944669564385,,0.3084068529655732,Low,0
"Moldova, Republic of",2027,,3.7785425690606385,,0.3014149755056525,Low,0
Bolivia,2027,,1.490439390881153,,0.2933586792598291,Low,0
Nigeria,2027,,4.7860673634088835,,0.27986972114269026,Low,0
St. Vincent and the Grenadines,2027,,5.972617072457968,,0.27598062664616285,Low,0
Guinea,2027,,7.577010554191116,,0.2704576526997665,Low,0
Guyana,2027,,26.83705211088992,,0.2660729543929038,Low,0
"Ethiopia, The Federal Democratic Republic of",2027,,9.846105395422823,,0.2571511738928606,Low,0
Myanmar,2027,,2.164824482669909,,0.251271619879458,Low,0
Liberia,2027,,4.793836604991189,,0.2425978111196027,Low,0
Pakistan,2027,,2.0700563589020184,,0.2402692236640988,Low,0
Dominica,2027,,5.531828111464737,,0.23976143025059174,Low,0
Solomon Islands,2027,,3.3593118955483847,,0.2075852299637628,Low,0
"Bahrain, Kingdom of",2027,,2.2275969092693133,,0.2064683392147825,Low,0
Mongolia,2027,,7.920678425767135,,0.20166469902667367,Low,0
Saudi Arabia,2027,,4.537423046045149,,0.19319162643938753,Low,0
Malawi,2027,,1.822022866053028,,0.1896002491493954,Low,0
"Tajikistan, Republic of",2027,,7.041567510544303,,0.1736690934992826,Low,0
"Egypt, Arab Republic of",2027,,6.212635987399841,,0.17170087995847688,Low,0
Greece,2027,,1.8333688104380599,,0.1673012521129358,Low,0
"Poland, Republic of",2027,,2.1387496084779345,,0.1662150715770791,Low,0
"Gambia, The",2027,,3.0804567891702037,,0.158318607683403,Low,0
Zambia,2027,,3.7620307234128134,,0.15548137105443102,Low,0
"Congo, Republic of",2027,,3.049000117709759,,0.14685168368959242,Low,0
"Türkiye, Republic of",2027,,2.7771673966896464,,0.14579356332887622,Low,0
Nicaragua,2027,,4.674098829355716,,0.14325941946431853,Low,0
Nepal,2027,,4.470027180041465,,0.14082430596227175,Low,0
Sierra Leone,2027,,3.9993434916353605,,0.134067433342494,Low,0
"Lithuania, Republic of",2027,,2.0206509106977752,,0.1316587598665899,Low,0
Qatar,2027,,1.9931766226081153,,0.1262538645982167,Low,0
Hungary,2027,,1.7773905680443283,,0.1242558860730571,Low,0
Japan,2027,,2.036499996210401,,0.1231973109922651,Low,0
"Eswatini, Kingdom of",2027,,4.243660899361739,,0.11715189210649446,Low,0
Slovak Republic,2027,,1.4956267954296345,,0.11655337460137839,Low,0
Brunei Darussalam,2027,,0.981854748392538,,0.10962461669576179,Low,0
Jamaica,2027,,0.6600044258037818,,0.1094155380414468,Low,0
"Latvia, Republic of",2027,,2.288169339913571,,0.104535602816034,Low,0
Cyprus,2027,,2.5760575822844833,,0.1045004364797368,Low,0
Czech Republic,2027,,2.6601189661009914,,0.1028893522583062,Low,0
Oman,2027,,1.8782091341809997,,0.1011044726143288,Low,0
Colombia,2027,,1.886442770518891,,0.09986188893622669,Low,0
"North Macedonia, Republic of",2027,,3.5512481518642134,,0.0984083830412086,Low,0
Bulgaria,2027,,2.565387121565322,,0.0960412562725865,Low,0
Taiwan Province of China,2027,,6.006904411149355,,0.09574206355414899,Low,0
Honduras,2027,,4.2142410233905565,,0.08874109043389651,Low,0
"Belarus, Republic of",2027,,1.9100567628436997,,0.08849202746229709,Low,0
Italy,2027,,1.0300811064540638,,0.0878079590217626,Low,0
"China, People's Republic of",2027,,4.054284081103242,,0.08725396093392432,Low,0
Ecuador,2027,,3.373327235035016,,0.0844771038704391,Low,0
Finland,2027,,1.3053420005562548,,0.08237604032772519,Low,0
Togo,2027,,3.742245728252409,,0.07960725445178679,Low,0
St. Lucia,2027,,0.8607943361413204,,0.07713388270851819,Low,0
Mauritius,2027,,1.8397371455807727,,0.07701994123770109,Low,0
Malta,2027,,0.9695004369597617,,0.07586180895762039,Low,0
Turkmenistan,2027,,3.2973661490916606,,0.0745033923386694,Low,0
Papua New Guinea,2027,,5.237054586370105,,0.07425920619350711,Low,0
"Serbia, Republic of",2027,,1.0183518885812677,,0.073887653764475,Low,0
"Congo, Democratic Republic of the",2027,,4.519623240151528,,0.07376722512422848,Low,0
Iceland,2027,,0.9315994598186346,,0.0725053234690479,Low,0
"Bahamas, The",2027,,2.1388920605256367,,0.07220428321716339,Low,0
Barbados,2027,,2.510981986006278,,0.071479544111621,Low,0
Chad,2027,,4.704676789496276,,0.06878225371686375,Low,0
Romania,2027,,0.7209203387614129,,0.0685335152132627,Low,0
Djibouti,2027,,5.820497447552106,,0.06808296560978214,Low,0
Israel,2027,,2.337638604438393,,0.060837361298911104,Low,0
"Estonia, Republic of",2027,,2.3816284723833263,,0.059206028553645505,Low,0
Portugal,2027,,1.594454179522022,,0.0574544961792562,Low,0
Côte d'Ivoire,2027,,5.23856433724093,,0.057241449623460124,Low,0
Russian Federation,2027,,0.8030427359242553,,0.0567388706610742,Low,0
"Slovenia, Republic of",2027,,1.7364596703550608,,0.0540630821470427,Low,0
"Mauritania, Islamic Republic of",2027,,1.8319021181813433,,0.0532694331325188,Low,0
Mali,2027,,3.9529534330796086,,0.051936478581528105,Low,0
Singapore,2027,,4.0313538498202774,,0.05113007968122422,Low,0
Brazil,2027,,1.856585032330187,,0.0493669938830691,Low,0
Peru,2027,,2.8360864843142375,,0.0476630483100568,Low,0
Austria,2027,,1.7370464108089787,,0.046687376571149304,Low,0
"Croatia, Republic of",2027,,1.7290036054526592,,0.0459553095848274,Low,0
Chile,2027,,2.7108430876511624,,0.045142186848043504,Low,0
Cambodia,2027,,3.7118396997456014,,0.0449911195372581,Low,0
Tunisia,2027,,2.740278898318289,,0.0445978984943277,Low,0
United Kingdom,2027,,0.5782178496241581,,0.0418060006532049,Low,0
Central African Republic,2027,,5.712994558305116,,0.04144371895901066,Low,0
Mexico,2027,,0.7368891427342081,,0.0394440487028206,Low,0
Belize,2027,,0.7707617185292994,,0.0389978870543974,Low,0
Bosnia and Herzegovina,2027,,1.4250062013673301,,0.0380931214020734,Low,0
Namibia,2027,,1.7673752424429279,,0.037177800842218,Low,0
France,2027,,1.4530224135899368,,0.0370397342574201,Low,0
El Salvador,2027,,4.349882790437325,,0.03582934086685842,Low,0
"Korea, Republic of",2027,,1.1270274188847988,,0.0332302110312262,Low,0
New Zealand,2027,,1.1084323663932878,,0.0331355868416621,Low,0
Canada,2027,,0.7997651665378926,,0.0329061496932911,Low,0
Denmark,2027,,2.372410878662203,,0.0310147090631709,Low,0
Spain,2027,,2.1764927996220877,,0.0308730662026293,Low,0
Albania,2027,,3.207069980088541,,0.0308412418374521,Low,0
"Netherlands, The",2027,,1.842904924201644,,0.0300489322590868,Low,0
Germany,2027,,1.764111706347655,,0.0293331570015187,Low,0
"Madagascar, Republic of",2027,,2.283646905657963,,0.0289853588330694,Low,0
Kenya,2027,,4.082951265273772,,0.02850701201685129,Low,0
Morocco,2027,,4.590492829136215,,0.027771986356338,Low,0
Philippines,2027,,2.7954245419828894,,0.0272207441597975,Low,0
Luxembourg,2027,,1.6080054204631384,,0.026536208616346597,Low,0
Costa Rica,2027,,4.058496350744691,,0.02613661941296084,Low,0
Bangladesh,2027,,2.724588056657141,,0.0261147924544499,Low,0
Cameroon,2027,,2.5737661528221016,,0.0259170051724069,Low,0
United States,2027,,1.8782617416712268,,0.0256371959349286,Low,0
Sweden,2027,,2.2225657368234955,,0.0255653617042039,Low,0
Thailand,2027,,2.3921962923705546,,0.0248583185046314,Low,0
Guinea-Bissau,2027,,5.309779871436856,,0.02455487631829161,Low,0
Dominican Republic,2027,,0.5104002156165874,,0.0239995565754231,Low,0
"Kosovo, Republic of",2027,,2.443168786979471,,0.0237530157480438,Low,0
Belgium,2027,,0.5766395127507229,,0.0237229815799421,Low,0
Switzerland,2027,,2.3061693884827292,,0.0232241791882401,Low,0
Rwanda,2027,,6.245288046620916,,0.02322106200004142,Low,0
Uruguay,2027,,0.7958015936802685,,0.0231919391425598,Low,0
Malaysia,2027,,3.9640332958824196,,0.023035901011876102,Low,0
South Africa,2027,,1.570694166319852,,0.0229254824991862,Low,0
"Hong Kong Special Administrative Region, People's Republic of China",2027,,4.6140634992051455,,0.02226162656371982,Low,0
Jordan,2027,,2.7090336829653476,,0.0216772162284141,Low,0
Australia,2027,,1.7467434753064763,,0.0213874315765598,Low,0
Guatemala,2027,,4.2261229530994955,,0.020664253919076017,Low,0
Panama,2027,,5.053454239398501,,0.01894509901341302,Low,0
"Kazakhstan, Republic of",2027,,5.415743486408297,,0.01871937497456868,Low,0
"Comoros, Union of the",2027,,4.600765903074908,,0.018619830978591864,Low,0
United Arab Emirates,2027,,4.507412246494771,,0.017799616792571207,Low,0
Paraguay,2027,,5.2968780513319755,,0.013521430686851283,Low,0
Indonesia,2027,,4.2813692741840255,,0.013128256743666218,Low,0
"Armenia, Republic of",2027,,6.873644010702845,,0.01,Low,0
Benin,2027,,6.477797430132236,,0.01,Low,0
Georgia,2027,,5.3370982418186355,,0.01,Low,0
India,2027,,6.755302005166957,,0.01,Low,0
Seychelles,2027,,5.1947396158462995,,0.01,Low,0
"Tanzania, United Republic of",2027,,5.109809352244719,,0.01,Low,0
Uganda,2027,,7.126074655035752,,0.01,Low,0
"Uzbekistan, Republic of",2027,,7.147053313393777,,0.01,Low,0
Vietnam,2027,,7.518016860930115,,0.01,Low,0
Suriname,2028,,-0.9258745751717672,,0.956238736399267,High,1
"Palau, Republic of",2028,,4.877598788049049,,0.9049492305754652,High,1
Lebanon,2028,,10.644406299989432,,0.9023713562533641,High,1
Ukraine,2028,,0.5016877221117927,,0.884195974220269,High,1
"South Sudan, Republic of",2028,,23.49555238813582,,0.8616240152808289,High,1
"Venezuela, República Bolivariana de",2028,,-6.639368801739028,,0.8467545697222201,High,1
Burundi,2028,,5.418290634010861,,0.8334240361524683,High,1
Sri Lanka,2028,,2.6045776164011243,,0.8287417755551996,High,1
Ghana,2028,,5.472524602075185,,0.8270887602959915,High,1
"São Tomé and Príncipe, Democratic Republic of",2028,,2.572555465061731,,0.7811659572571491,High,1
Argentina,2028,,15.464422278180837,,0.7697356424623435,High,1
Sudan,2028,,14.676772796415584,,0.754722477078239,High,1
Haiti,2028,,2.6970404373715264,,0.7510469532525686,High,1
Senegal,2028,,9.318858284842046,,0.7428783239839353,High,1
Lao People's Democratic Republic,2028,,4.332243938973388,,0.7161248634489907,High,1
Algeria,2028,,5.408733617729771,,0.6484268364699676,Moderate,0
"Afghanistan, Islamic Republic of",2028,,2.958536450233129,,0.6343307532292549,Moderate,0
Botswana,2028,,2.1320378718657067,,0.6311796456792388,Moderate,0
Libya,2028,,22.613020962983317,,0.6074458634362631,Moderate,0
Niger,2028,,4.397445953862562,,0.6070786458071074,Moderate,0
Ireland,2028,,13.407697529872557,,0.5815530193736442,Moderate,0
"Equatorial Guinea, Republic of",2028,,-5.045148107868005,,0.5774343808432254,Moderate,0
Maldives,2028,,7.406111788349486,,0.5696454854021967,Moderate,0
Angola,2028,,0.11531022507377009,,0.5533405228071803,Moderate,0
Kiribati,2028,,2.853178483747575,,0.5507730815653604,Moderate,0
Montenegro,2028,,2.188874020725073,,0.5251034162602577,Moderate,0
"Iran, Islamic Republic of",2028,,0.16304070998979692,,0.5249334685201368,Moderate,0
Kuwait,2028,,-0.7569300317469129,,0.5120206697954175,Moderate,0
Cabo Verde,2028,,3.3955379148736915,,0.4771617991375588,Moderate,0
"Lesotho, Kingdom of",2028,,-0.38149818043228123,,0.4672119207305558,Moderate,0
"Azerbaijan, Republic of",2028,,-0.1727098326465093,,0.4218714033680105,Moderate,0
Burkina Faso,2028,,4.758206832732801,,0.4074362340883407,Moderate,0
West Bank and Gaza,2028,,2.6925473503397988,,0.3966109299176968,Moderate,0
Kyrgyz Republic,2028,,6.699730521898147,,0.3857725045615683,Moderate,0
Trinidad and Tobago,2028,,1.1884827636867539,,0.3509951583555162,Moderate,0
Norway,2028,,2.464671211635841,,0.3455036550040824,Moderate,0
Gabon,2028,,1.8631217114623173,,0.3450322348064705,Moderate,0
Bhutan,2028,,7.680250545671401,,0.3434455475002443,Moderate,0
"Mozambique, Republic of",2028,,0.4633235823185229,,0.3184068529655732,Low,0
Bolivia,2028,,1.5526457343246964,,0.3033586792598291,Low,0
"Moldova, Republic of",2028,,4.697646347161883,,0.28816009726692304,Low,0
Guinea,2028,,8.59206205202829,,0.2804576526997665,Low,0
Nigeria,2028,,5.116282841627048,,0.2788625385354181,Low,0
Guyana,2028,,25.381741864317547,,0.2760729543929038,Low,0
St. Vincent and the Grenadines,2028,,7.946835822491281,,0.2717345290614285,Low,0
"Ethiopia, The Federal Democratic Republic of",2028,,11.002959925983237,,0.2671511738928606,Low,0
Myanmar,2028,,2.3118649849262796,,0.261271619879458,Low,0
Pakistan,2028,,1.7599189426163653,,0.2502692236640988,Low,0
Liberia,2028,,4.9984052461451185,,0.24577885641447172,Low,0
Dominica,2028,,6.24076013450884,,0.22613036281578827,Low,0
Solomon Islands,2028,,3.8897935585691714,,0.21758522996376278,Low,0
"Bahrain, Kingdom of",2028,,2.0715293015732326,,0.21646833921478248,Low,0
Mongolia,2028,,9.199025356350887,,0.21166469902667365,Low,0
Malawi,2028,,1.8291816253504587,,0.1996002491493954,Low,0
Saudi Arabia,2028,,5.116178072267226,,0.18389979223198494,Low,0
"Tajikistan, Republic of",2028,,7.036588410005115,,0.1836690934992826,Low,0
Greece,2028,,1.572044062971737,,0.1773012521129358,Low,0
"Poland, Republic of",2028,,1.8564273256902906,,0.17621507157707908,Low,0
"Egypt, Arab Republic of",2028,,7.48613087858088,,0.1754554128718049,Low,0
"Gambia, The",2028,,2.4590765883284487,,0.16831860768340298,Low,0
Zambia,2028,,3.575094209995714,,0.165481371054431,Low,0
"Congo, Republic of",2028,,3.4905212643854657,,0.1568516836895924,Low,0
"Türkiye, Republic of",2028,,2.5834307520437267,,0.1557935633288762,Low,0
Sierra Leone,2028,,3.9270695467360013,,0.144067433342494,Low,0
"Lithuania, Republic of",2028,,1.8068198940458144,,0.1416587598665899,Low,0
Nicaragua,2028,,5.0744372018735096,,0.13991480704705875,Low,0
Nepal,2028,,4.873075729007537,,0.13738935433006935,Low,0
Qatar,2028,,1.697587231071428,,0.1362538645982167,Low,0
Hungary,2028,,1.7317388975968842,,0.1342558860730571,Low,0
Japan,2028,,2.086007981673237,,0.1331973109922651,Low,0
Slovak Republic,2028,,1.5105213024629944,,0.1265533746013784,Low,0
Malta,2028,,-0.7889298741653306,,0.1253083026658869,Low,0
Jamaica,2028,,-0.08465184493681921,,0.12364813028828776,Low,0
Brunei Darussalam,2028,,0.37422285418449264,,0.1196246166957618,Low,0
"Latvia, Republic of",2028,,2.4476793816419997,,0.114535602816034,Low,0
Cyprus,2028,,1.9416491118116808,,0.1145004364797368,Low,0
Czech Republic,2028,,2.8925586913515446,,0.11288935225830621,Low,0
Oman,2028,,1.552980395467233,,0.1111044726143288,Low,0
"Eswatini, Kingdom of",2028,,4.738673745693481,,0.11065146389543641,Low,0
Colombia,2028,,1.5663212184495685,,0.1098618889362267,Low,0
"North Macedonia, Republic of",2028,,3.750966270763068,,0.1084083830412086,Low,0
Bulgaria,2028,,2.2869545492615866,,0.10604125627258651,Low,0
St. Lucia,2028,,-0.3167984382842266,,0.10297380462272952,Low,0
"Congo, Democratic Republic of the",2028,,3.995359894754714,,0.1010879997959461,Low,0
"Belarus, Republic of",2028,,1.5492060037379038,,0.0984920274622971,Low,0
"China, People's Republic of",2028,,4.0206592926880695,,0.09837478721443009,Low,0
Italy,2028,,0.659558050760683,,0.0978079590217626,Low,0
Ecuador,2028,,3.8407068908944018,,0.0944771038704391,Low,0
Taiwan Province of China,2028,,6.638069500583615,,0.0926388772591275,Low,0
Finland,2028,,1.2595318952200736,,0.0923760403277252,Low,0
Togo,2028,,2.920260274308562,,0.0896072544517868,Low,0
Côte d'Ivoire,2028,,4.5859339932653365,,0.08899579442264656,Low,0
Honduras,2028,,4.514348157292384,,0.08873751930383561,Low,0
Mauritius,2028,,0.9792142402637114,,0.0870199412377011,Low,0
Turkmenistan,2028,,3.295265321222857,,0.08450339233866941,Low,0
"Serbia, Republic of",2028,,0.03907512284584147,,0.083887653764475,Low,0
Djibouti,2028,,5.676592826679224,,0.08287978630554486,Low,0
Iceland,2028,,0.24954271051850385,,0.0825053234690479,Low,0
"Bahamas, The",2028,,1.6623639906185315,,0.0822042832171634,Low,0
Barbados,2028,,2.2671315665557095,,0.081479544111621,Low,0
Russian Federation,2028,,-0.2799731768071072,,0.08073752950142955,Low,0
Romania,2028,,0.32974528145486354,,0.0785335152132627,Low,0
Dominican Republic,2028,,-0.7991364501673011,,0.07395637908378816,Low,0
Chad,2028,,4.856820185380547,,0.07371080718738805,Low,0
Papua New Guinea,2028,,5.6111029854171175,,0.07179092622527336,Low,0
Israel,2028,,2.2326983856148774,,0.0708373612989111,Low,0
"Estonia, Republic of",2028,,2.7266190943222304,,0.06920602855364551,Low,0
Portugal,2028,,1.1623351976388097,,0.0674544961792562,Low,0
"Slovenia, Republic of",2028,,1.5787048757832909,,0.0640630821470427,Low,0
"Mauritania, Islamic Republic of",2028,,0.2790236955812859,,0.0632694331325188,Low,0
Mali,2028,,3.802122984061473,,0.06193647858152811,Low,0
Singapore,2028,,4.073957547478649,,0.05970995642594516,Low,0
Brazil,2028,,1.291353355665066,,0.0593669938830691,Low,0
Belize,2028,,-0.19145782581164938,,0.05857077834497987,Low,0
Peru,2028,,2.9048467751738465,,0.057663048310056794,Low,0
Austria,2028,,1.6813273900255454,,0.056687376571149306,Low,0
"Croatia, Republic of",2028,,0.8461972108600425,,0.0559553095848274,Low,0
Chile,2028,,2.970127960361045,,0.055142186848043506,Low,0
Cambodia,2028,,3.2825628677163974,,0.054991119537258104,Low,0
Tunisia,2028,,3.0361931653373806,,0.054597898494327696,Low,0
United Kingdom,2028,,0.051045624318792004,,0.0518060006532049,Low,0
Mexico,2028,,0.1894849235120034,,0.0494440487028206,Low,0
Bosnia and Herzegovina,2028,,0.8579886771587082,,0.048093121402073405,Low,0
Namibia,2028,,1.1179473429492204,,0.047177800842217996,Low,0
France,2028,,1.41267438238112,,0.0470397342574201,Low,0
"Korea, Republic of",2028,,0.7572587760513172,,0.0432302110312262,Low,0
New Zealand,2028,,1.0411553848955004,,0.043135586841662105,Low,0
Canada,2028,,0.2809699939973186,,0.042906149693291096,Low,0
Kenya,2028,,3.986913564752736,,0.0412720541926437,Low,0
Denmark,2028,,2.2927777811091548,,0.041014709063170895,Low,0
Spain,2028,,1.7698365320886773,,0.0408730662026293,Low,0
Albania,2028,,2.944020259163998,,0.0408412418374521,Low,0
"Netherlands, The",2028,,1.7862555584440953,,0.0400489322590868,Low,0
Germany,2028,,1.7391290227000777,,0.039333157001518695,Low,0
"Madagascar, Republic of",2028,,1.7101065485693343,,0.0389853588330694,Low,0
Philippines,2028,,1.9802013401328724,,0.0372207441597975,Low,0
Luxembourg,2028,,1.442969607514067,,0.0365362086163466,Low,0
Bangladesh,2028,,2.2154194271625,,0.0361147924544499,Low,0
Cameroon,2028,,2.2668754653314735,,0.035917005172406896,Low,0
United States,2028,,1.587231380066354,,0.0356371959349286,Low,0
Sweden,2028,,2.4402620840899973,,0.0355653617042039,Low,0
Uruguay,2028,,-0.04437853567650707,,0.035410865926385156,Low,0
Rwanda,2028,,6.187628477425167,,0.03514304763989973,Low,0
Thailand,2028,,2.2194362795246207,,0.0348583185046314,Low,0
Costa Rica,2028,,4.115562352757711,,0.034234419345860176,Low,0
"Kosovo, Republic of",2028,,1.8672130375324345,,0.0337530157480438,Low,0
Belgium,2028,,0.059855645232734345,,0.0337229815799421,Low,0
Switzerland,2028,,2.5099332375607,,0.0332241791882401,Low,0
Malaysia,2028,,3.8271360742098595,,0.033035901011876104,Low,0
South Africa,2028,,1.6269889839665763,,0.0329254824991862,Low,0
Jordan,2028,,2.6825966783954756,,0.0316772162284141,Low,0
Australia,2028,,1.6104469072166276,,0.0313874315765598,Low,0
Central African Republic,2028,,7.006290647856291,,0.028543537569181193,Low,0
El Salvador,2028,,4.877642837315328,,0.028237339304258334,Low,0
Morocco,2028,,4.933912529654155,,0.026324663005740014,Low,0
Georgia,2028,,4.5352039451693456,,0.02620317147157935,Low,0
United Arab Emirates,2028,,4.635748254761518,,0.0235217498503463,Low,0
Guinea-Bissau,2028,,5.702215567522083,,0.021473686448784026,Low,0
Guatemala,2028,,4.542255539887343,,0.020126501026147776,Low,0
Indonesia,2028,,4.400817592922469,,0.019146646119051425,Low,0
"Kazakhstan, Republic of",2028,,5.751723068399023,,0.017520055574877815,Low,0
"Comoros, Union of the",2028,,5.155472861357479,,0.010129599035839494,Low,0
"Armenia, Republic of",2028,,7.390609347278149,,0.01,Low,0
Benin,2028,,6.477713209395088,,0.01,Low,0
"Hong Kong Special Administrative Region, People's Republic of China",2028,,5.4357091019769905,,0.01,Low,0
India,2028,,6.86755685793781,,0.01,Low,0
Panama,2028,,5.700215778275319,,0.01,Low,0
Paraguay,2028,,5.715941957887126,,0.01,Low,0
Seychelles,2028,,5.807771281636953,,0.01,Low,0
"Tanzania, United Republic of",2028,,5.466277473289548,,0.01,Low,0
Uganda,2028,,7.854702862789736,,0.01,Low,0
"Uzbekistan, Republic of",2028,,7.49714294921686,,0.01,Low,0
Vietnam,2028,,7.899121760720077,,0.01,Low,0
Suriname,2029,,-1.6195320873681678,,0.99,High,1
"Palau, Republic of",2029,,4.608133611106463,,0.923931403140218,High,1
Lebanon,2029,,13.134300259330706,,0.9123713562533641,High,1
Ukraine,2029,,0.14126209037051984,,0.894195974220269,High,1
"South Sudan, Republic of",2029,,27.729257631527826,,0.8716240152808289,High,1
"Venezuela, República Bolivariana de",2029,,-8.257059670196362,,0.8567545697222201,High,1
Sri Lanka,2029,,2.6045776164011243,,0.8387417755551996,High,1
Burundi,2029,,5.653424088128868,,0.8355862543485347,High,1
Ghana,2029,,5.59127972059725,,0.8331302563452561,High,1
"São Tomé and Príncipe, Democratic Republic of",2029,,2.712948321118137,,0.7911659572571491,High,1
Argentina,2029,,18.843932207118627,,0.7797356424623435,High,1
Sudan,2029,,17.81078879553694,,0.764722477078239,High,1
Haiti,2029,,2.865750576807107,,0.7610469532525687,High,1
Senegal,2029,,10.07651360971677,,0.7528783239839353,High,1
Lao People's Democratic Republic,2029,,4.361520419572745,,0.7251489807623455,High,1
Algeria,2029,,5.728849607185013,,0.6477563034881263,Moderate,0
"Afghanistan, Islamic Republic of",2029,,3.0428875761674856,,0.6443307532292549,Moderate,0
Botswana,2029,,2.194030147711577,,0.6411796456792388,Moderate,0
Niger,2029,,3.9020464501740597,,0.6303268442691927,Moderate,0
Libya,2029,,26.676439613619976,,0.6174458634362631,Moderate,0
Angola,2029,,-0.6929693643522296,,0.5979889910247917,Moderate,0
Ireland,2029,,15.298007736368103,,0.5915530193736442,Moderate,0
"Equatorial Guinea, Republic of",2029,,-6.478570211601477,,0.5874343808432254,Moderate,0
Maldives,2029,,8.306760984362652,,0.5796454854021967,Moderate,0
Kiribati,2029,,2.5783386758121942,,0.5607730815653604,Moderate,0
"Iran, Islamic Republic of",2029,,-0.345731183370926,,0.5522200276886831,Moderate,0
Kuwait,2029,,-1.2002905973394897,,0.5441886980750463,Moderate,0
Montenegro,2029,,2.017288298413853,,0.5351034162602577,Moderate,0
"Lesotho, Kingdom of",2029,,-1.2566944266658906,,0.5209717330422362,Moderate,0
Cabo Verde,2029,,2.896295746728656,,0.48716179913755875,Moderate,0
"Azerbaijan, Republic of",2029,,-0.902197123129628,,0.4683457678921664,Moderate,0
Burkina Faso,2029,,4.888252272577066,,0.41310138609353175,Moderate,0
West Bank and Gaza,2029,,2.6925473503397988,,0.40661092991769676,Moderate,0
Kyrgyz Republic,2029,,6.487285112538875,,0.3957725045615683,Moderate,0
Trinidad and Tobago,2029,,1.0405697598256933,,0.3609951583555162,Moderate,0
Norway,2029,,2.5884742127346074,,0.35550365500408243,Moderate,0
Gabon,2029,,1.5955142392290582,,0.3550322348064705,Moderate,0
Bhutan,2029,,8.118456579145105,,0.35344554750024426,Moderate,0
"Mozambique, Republic of",2029,,0.035783963071982006,,0.32840685296557315,Low,0
Bolivia,2029,,1.5961901747351768,,0.3133586792598291,Low,0
Guinea,2029,,9.302598100514311,,0.29045765269976653,Low,0
Guyana,2029,,24.363024691716888,,0.2860729543929038,Low,0
St. Vincent and the Grenadines,2029,,9.328788947514601,,0.2817345290614285,Low,0
Nigeria,2029,,5.347433676379763,,0.2811575107103276,Low,0
"Ethiopia, The Federal Democratic Republic of",2029,,11.812758097375529,,0.2771511738928606,Low,0
"Moldova, Republic of",2029,,5.341018991832754,,0.2767143424445607,Low,0
Myanmar,2029,,2.4147933365057392,,0.271271619879458,Low,0
Pakistan,2029,,1.5428227512164079,,0.26026922366409877,Low,0
Liberia,2029,,5.141603294952869,,0.25100558812088003,Low,0
Dominica,2029,,6.7370125506397125,,0.23082236729941627,Low,0
"Bahrain, Kingdom of",2029,,1.962281976185976,,0.2264683392147825,Low,0
Mongolia,2029,,10.093868207759513,,0.22166469902667366,Low,0
Solomon Islands,2029,,4.261130722683722,,0.21888087254097205,Low,0
Malawi,2029,,1.8341927568586602,,0.2096002491493954,Low,0
Malta,2029,,-2.019831091952895,,0.19685336355526514,Low,0
"Tajikistan, Republic of",2029,,7.033103039627684,,0.1936690934992826,Low,0
Greece,2029,,1.3891167397453108,,0.1873012521129358,Low,0
"Poland, Republic of",2029,,1.6588017277389397,,0.1862150715770791,Low,0
"Egypt, Arab Republic of",2029,,8.377577302407609,,0.18545541287180492,Low,0
Saudi Arabia,2029,,5.52130659062268,,0.18039550828680315,Low,0
"Gambia, The",2029,,2.02411044773922,,0.178318607683403,Low,0
Zambia,2029,,3.4442386506037446,,0.175481371054431,Low,0
"Congo, Republic of",2029,,3.7995860670584602,,0.1668516836895924,Low,0
"Türkiye, Republic of",2029,,2.4478151007915834,,0.1657935633288762,Low,0
Jamaica,2029,,-0.6059112344552399,,0.1597110997642088,Low,0
St. Lucia,2029,,-1.1411133803821096,,0.15418955172762366,Low,0
Sierra Leone,2029,,3.87647778530645,,0.154067433342494,Low,0
"Lithuania, Republic of",2029,,1.6571381823894418,,0.1516587598665899,Low,0
Qatar,2029,,1.4906746569957467,,0.1462538645982167,Low,0
Hungary,2029,,1.6997827282836733,,0.14425588607305712,Low,0
Japan,2029,,2.120663571497222,,0.1431973109922651,Low,0
Nicaragua,2029,,5.354674062635965,,0.1405735783549769,Low,0
Nepal,2029,,5.155209713283788,,0.13798488818752766,Low,0
Slovak Republic,2029,,1.5209474573863464,,0.1365533746013784,Low,0
Brunei Darussalam,2029,,-0.05111947176113901,,0.13218059028381873,Low,0
Dominican Republic,2029,,-1.7158121162160231,,0.12979016238622426,Low,0
Russian Federation,2029,,-1.0380843157190611,,0.12864308644702727,Low,0
"Serbia, Republic of",2029,,-0.6464186131689568,,0.12620858442292282,Low,0
"Latvia, Republic of",2029,,2.5593364108518997,,0.124535602816034,Low,0
Cyprus,2029,,1.497563182480719,,0.1245004364797368,Low,0
Czech Republic,2029,,3.055266499026932,,0.1228893522583062,Low,0
Oman,2029,,1.3253202783675964,,0.1211044726143288,Low,0
Colombia,2029,,1.3422361320010427,,0.1198618889362267,Low,0
"North Macedonia, Republic of",2029,,3.890768953992266,,0.1184083830412086,Low,0
Bulgaria,2029,,2.092051748648972,,0.1160412562725865,Low,0
Côte d'Ivoire,2029,,4.129092752482421,,0.11422383578207707,Low,0
"Mauritania, Islamic Republic of",2029,,-0.8079912002387541,,0.1136689931444565,Low,0
"Congo, Democratic Republic of the",2029,,3.628375552976944,,0.1110879997959461,Low,0
"Eswatini, Kingdom of",2029,,5.0851827381257,,0.10910116414769577,Low,0
"China, People's Republic of",2029,,3.9971219407974488,,0.1090634303040324,Low,0
"Belarus, Republic of",2029,,1.2966104723638467,,0.1084920274622971,Low,0
Italy,2029,,0.4001919117753164,,0.1078079590217626,Low,0
Iceland,2029,,-0.22789701399158763,,0.10390017416862728,Low,0
Taiwan Province of China,2029,,7.079885063187597,,0.1026388772591275,Low,0
Finland,2029,,1.2274648214847468,,0.1023760403277252,Low,0
Belize,2029,,-0.8650115068503136,,0.10224846239691308,Low,0
Togo,2029,,2.344870456547869,,0.0996072544517868,Low,0
Ecuador,2029,,4.167872649995972,,0.09888134887057337,Low,0
Mauritius,2029,,0.37684820654176854,,0.0970199412377011,Low,0
Djibouti,2029,,5.575859592068206,,0.0962375607925788,Low,0
Turkmenistan,2029,,3.293794741714694,,0.0945033923386694,Low,0
"Bahamas, The",2029,,1.3287943416835577,,0.0922042832171634,Low,0
Honduras,2029,,4.724423151023663,,0.09173501951279298,Low,0
Barbados,2029,,2.0964362729403114,,0.091479544111621,Low,0
Romania,2029,,0.05592274134027897,,0.08853351521326269,Low,0
Israel,2029,,2.1592402324384166,,0.0808373612989111,Low,0
Chad,2029,,4.963320562499537,,0.08016079461675507,Low,0
"Estonia, Republic of",2029,,2.968112529679463,,0.0792060285536455,Low,0
United Kingdom,2029,,-0.31797493339496424,,0.07770474732295311,Low,0
Portugal,2029,,0.8598519103205611,,0.0774544961792562,Low,0
Uruguay,2029,,-0.6325046262262499,,0.07481717045387229,Low,0
"Slovenia, Republic of",2029,,1.468276519583052,,0.0740630821470427,Low,0
Papua New Guinea,2029,,5.872936864750026,,0.07306313024750972,Low,0
Mali,2029,,3.696541669748778,,0.0719364785815281,Low,0
Brazil,2029,,0.8956911819994815,,0.0693669938830691,Low,0
Mexico,2029,,-0.19369802994353985,,0.0691289501999976,Low,0
Singapore,2029,,4.103780135839509,,0.06871587014724984,Low,0
Peru,2029,,2.952978978775573,,0.06766304831005679,Low,0
Austria,2029,,1.6423240754771422,,0.0666873765711493,Low,0
"Croatia, Republic of",2029,,0.22823273464521088,,0.0659553095848274,Low,0
Chile,2029,,3.151627371257963,,0.0651421868480435,Low,0
Cambodia,2029,,2.9820690852959544,,0.0649911195372581,Low,0
Tunisia,2029,,3.2433331522507447,,0.0645978984943277,Low,0
Belgium,2029,,-0.3018930620298576,,0.05881763468143498,Low,0
Bosnia and Herzegovina,2029,,0.46107641021267287,,0.0580931214020734,Low,0
Namibia,2029,,0.6633478133036251,,0.057177800842218,Low,0
France,2029,,1.3844307605349484,,0.057039734257420094,Low,0
Canada,2029,,-0.08218662678108324,,0.05701548103234526,Low,0
Georgia,2029,,3.9738779375148425,,0.0540433029772242,Low,0
"Korea, Republic of",2029,,0.49842072606788007,,0.0532302110312262,Low,0
New Zealand,2029,,0.9940614978470492,,0.0531355868416621,Low,0
Kenya,2029,,3.919687174388011,,0.051272054192643704,Low,0
Denmark,2029,,2.237034612822021,,0.0510147090631709,Low,0
Spain,2029,,1.48517714481529,,0.0508730662026293,Low,0
Albania,2029,,2.7598854545168177,,0.0508412418374521,Low,0
"Netherlands, The",2029,,1.7466010024138114,,0.0500489322590868,Low,0
Germany,2029,,1.7216411441467736,,0.0493331570015187,Low,0
"Madagascar, Republic of",2029,,1.3086282986072943,,0.0489853588330694,Low,0
Philippines,2029,,1.4095450988378606,,0.047220744159797504,Low,0
Luxembourg,2029,,1.327444538449717,,0.046536208616346594,Low,0
Rwanda,2029,,6.1472667789881426,,0.04648843758780054,Low,0
Bangladesh,2029,,1.8590013865162511,,0.046114792454449896,Low,0
Cameroon,2029,,2.052051984088034,,0.0459170051724069,Low,0
United States,2029,,1.383510126942943,,0.0456371959349286,Low,0
Sweden,2029,,2.592649527176549,,0.0455653617042039,Low,0
Thailand,2029,,2.0985042705324672,,0.0448583185046314,Low,0
"Kosovo, Republic of",2029,,1.464044012919509,,0.0437530157480438,Low,0
Switzerland,2029,,2.65256793191528,,0.0432241791882401,Low,0
Malaysia,2029,,3.7313080190390675,,0.0430359010118761,Low,0
South Africa,2029,,1.6663953563192833,,0.0429254824991862,Low,0
Costa Rica,2029,,4.155508554166825,,0.04290287929888971,Low,0
Jordan,2029,,2.664090775196565,,0.041677216228414096,Low,0
Australia,2029,,1.5150393095537336,,0.0413874315765598,Low,0
Central African Republic,2029,,7.911597910542113,,0.03854353756918119,Low,0
United Arab Emirates,2029,,4.725583460548242,,0.030527242990788846,Low,0
Morocco,2029,,5.174306320016712,,0.02831153666032142,Low,0
Indonesia,2029,,4.48443141603938,,0.026359518681821077,Low,0
El Salvador,2029,,5.24707487012993,,0.02592293821043825,Low,0
Guatemala,2029,,4.763548350638835,,0.02275007400109802,Low,0
Guinea-Bissau,2029,,5.976920554781742,,0.022316853540128724,Low,0
"Kazakhstan, Republic of",2029,,5.98690877579253,,0.019680531995094216,Low,0
"Armenia, Republic of",2029,,7.752485082880861,,0.01,Low,0
Benin,2029,,6.477654254879085,,0.01,Low,0
"Comoros, Union of the",2029,,5.543767732155279,,0.01,Low,0
"Hong Kong Special Administrative Region, People's Republic of China",2029,,6.010861023917282,,0.01,Low,0
India,2029,,6.946135254877407,,0.01,Low,0
Panama,2029,,6.152948855489091,,0.01,Low,0
Paraguay,2029,,6.009286692475731,,0.01,Low,0
Seychelles,2029,,6.23689344769041,,0.01,Low,0
"Tanzania, United Republic of",2029,,5.715805158020928,,0.01,Low,0
Uganda,2029,,8.364742608217526,,0.01,Low,0
"Uzbekistan, Republic of",2029,,7.742205694293018,,0.01,Low,0
Vietnam,2029,,8.165895190573051,,0.01,Low,0
Suriname,2030,,-2.105092345905648,,0.99,High,1
"Palau, Republic of",2030,,4.419507987246653,,0.9402189239355451,High,1
Lebanon,2030,,14.877226030869597,,0.9223713562533641,High,1
Ukraine,2030,,-0.11103585184837111,,0.9097477668126875,High,1
"South Sudan, Republic of",2030,,30.0,,0.8816240152808289,High,1
"Venezuela, República Bolivariana de",2030,,-9.389443278116497,,0.8667545697222201,High,1
Sri Lanka,2030,,2.6045776164011243,,0.8487417755551996,High,1
Ghana,2030,,5.674408303562696,,0.8403593035797412,High,1
Burundi,2030,,5.818017506011473,,0.8400998070857812,High,1
"São Tomé and Príncipe, Democratic Republic of",2030,,2.811223320357621,,0.8011659572571491,High,1
Argentina,2030,,21.209589157375078,,0.7897356424623435,High,1
Sudan,2030,,20.00459999492189,,0.774722477078239,High,1
Haiti,2030,,2.9838476744120137,,0.7710469532525687,High,1
Senegal,2030,,10.606872337129078,,0.7628783239839353,High,1
Lao People's Democratic Republic,2030,,4.382013955992295,,0.7344658628816938,High,1
"Afghanistan, Islamic Republic of",2030,,3.101933364321535,,0.6543307532292549,Moderate,0
Botswana,2030,,2.2374247408036863,,0.6511796456792388,Moderate,0
Algeria,2030,,5.952930799803682,,0.6502869304008373,Moderate,0
Niger,2030,,3.5552667975921084,,0.6403268442691927,Moderate,0
Angola,2030,,-1.258765076950429,,0.6362787766547018,Moderate,0
Libya,2030,,29.52083266906564,,0.6274458634362631,Moderate,0
Ireland,2030,,16.621224880914983,,0.6015530193736442,Moderate,0
"Equatorial Guinea, Republic of",2030,,-7.481965684214908,,0.5974343808432254,Moderate,0
Maldives,2030,,8.937215421571869,,0.5896454854021967,Moderate,0
"Iran, Islamic Republic of",2030,,-0.701871508723432,,0.5800270439563084,Moderate,0
Kiribati,2030,,2.3859508102574276,,0.5707730815653604,Moderate,0
Kuwait,2030,,-1.5106429932542935,,0.5697063178707865,Moderate,0
"Lesotho, Kingdom of",2030,,-1.8693317990294172,,0.5616036016604126,Moderate,0
Montenegro,2030,,1.897178292795999,,0.5451034162602577,Moderate,0
"Azerbaijan, Republic of",2030,,-1.412838226467811,,0.5038778230590756,Moderate,0
Cabo Verde,2030,,2.5468262290271313,,0.49716179913755876,Moderate,0
Burkina Faso,2030,,4.979284080468052,,0.4200669924971656,Moderate,0
West Bank and Gaza,2030,,2.6925473503397988,,0.41661092991769677,Moderate,0
Kyrgyz Republic,2030,,6.338573325987385,,0.40782006036198876,Moderate,0
Trinidad and Tobago,2030,,0.937030657122951,,0.37099515835551616,Moderate,0
Norway,2030,,2.675136313503744,,0.3655036550040824,Moderate,0
Gabon,2030,,1.408189008665777,,0.36503223480647046,Moderate,0
Bhutan,2030,,8.425200802576699,,0.36344554750024427,Moderate,0
"Mozambique, Republic of",2030,,-0.26349377040059657,,0.351581541485603,Moderate,0
Bolivia,2030,,1.626671283022513,,0.3233586792598291,Low,0
Guinea,2030,,9.799973334454526,,0.3004576526997665,Low,0
Guyana,2030,,23.649922670896427,,0.29607295439290376,Low,0
St. Vincent and the Grenadines,2030,,10.296156135030925,,0.29173452906142844,Low,0
"Ethiopia, The Federal Democratic Republic of",2030,,12.379616817350131,,0.28715117389286055,Low,0
Nigeria,2030,,5.509239260706664,,0.2857639912327642,Low,0
Myanmar,2030,,2.486843182611361,,0.281271619879458,Low,0
"Moldova, Republic of",2030,,5.791379843102363,,0.27170231406890705,Low,0
Pakistan,2030,,1.3908554172364378,,0.2702692236640988,Low,0
Liberia,2030,,5.241841929118294,,0.25766430031536586,Low,0
Malta,2030,,-2.8814619444041902,,0.2499349061778299,Low,0
Dominica,2030,,7.084389241931323,,0.24082236729941628,Low,0
"Bahrain, Kingdom of",2030,,1.8858088484148965,,0.2364683392147825,Low,0
Mongolia,2030,,10.720258203745551,,0.23166469902667366,Low,0
Solomon Islands,2030,,4.521066737563908,,0.22021633871163254,Low,0
Malawi,2030,,1.8377005489144014,,0.2196002491493954,Low,0
"Tajikistan, Republic of",2030,,7.030663280363481,,0.2036690934992826,Low,0
Greece,2030,,1.2610676134868126,,0.1973012521129358,Low,0
"Poland, Republic of",2030,,1.5204638091729943,,0.1962150715770791,Low,0
"Egypt, Arab Republic of",2030,,9.001589799086318,,0.19545541287180493,Low,0
St. Lucia,2030,,-1.7181338398506276,,0.1930405747010496,Low,0
"Gambia, The",2030,,1.7196341493267602,,0.188318607683403,Low,0
Jamaica,2030,,-0.9707928071181343,,0.1879551783973535,Low,0
Zambia,2030,,3.352639759029366,,0.18548137105443102,Low,0
Saudi Arabia,2030,,5.804896553471497,,0.1809425095251759,Low,0
"Congo, Republic of",2030,,4.015931428929557,,0.17632063605860718,Low,0
"Türkiye, Republic of",2030,,2.352884144915083,,0.17579356332887622,Low,0
Dominican Republic,2030,,-2.3574850824501286,,0.17187381069792954,Low,0
Russian Federation,2030,,-1.5687621129574287,,0.16517697630894565,Low,0
Sierra Leone,2030,,3.841063552305764,,0.164067433342494,Low,0
"Mauritania, Islamic Republic of",2030,,-1.568901627312782,,0.1617145144981579,Low,0
"Lithuania, Republic of",2030,,1.552360984229981,,0.1616587598665899,Low,0
"Serbia, Republic of",2030,,-1.1262642283793154,,0.16020086518344076,Low,0
Brunei Darussalam,2030,,-0.3488590999230811,,0.15706757169191585,Low,0
Qatar,2030,,1.34583585514277,,0.1562538645982167,Low,0
Hungary,2030,,1.6774134097644255,,0.1542558860730571,Low,0
Japan,2030,,2.1449224843740113,,0.1531973109922651,Low,0
Slovak Republic,2030,,1.528245765832693,,0.1465533746013784,Low,0
Nicaragua,2030,,5.550839865169683,,0.14403471827051964,Low,0
Nepal,2030,,5.352703502277163,,0.1414017618877485,Low,0
Belize,2030,,-1.3364990835773785,,0.13582284123326632,Low,0
"Latvia, Republic of",2030,,2.6374963312988298,,0.134535602816034,Low,0
Cyprus,2030,,1.1867030319490457,,0.1345004364797368,Low,0
Czech Republic,2030,,3.169161964399703,,0.1328893522583062,Low,0
Oman,2030,,1.1659581963978507,,0.1311044726143288,Low,0
Iceland,2030,,-0.5621048211486517,,0.13061056452648048,Low,0
Colombia,2030,,1.1853765714870748,,0.1298618889362267,Low,0
Côte d'Ivoire,2030,,3.8093038839343807,,0.12852692753149111,Low,0
"North Macedonia, Republic of",2030,,3.9886308322527046,,0.1284083830412086,Low,0
Bulgaria,2030,,1.9556197882201416,,0.1260412562725865,Low,0
"Congo, Democratic Republic of the",2030,,3.371486513732505,,0.12108799979594609,Low,0
"China, People's Republic of",2030,,3.980645794474014,,0.11906343030403241,Low,0
"Belarus, Republic of",2030,,1.1197936004020068,,0.11849202746229709,Low,0
Italy,2030,,0.2186356144855598,,0.11780795902176261,Low,0
Taiwan Province of China,2030,,7.389155957010384,,0.1126388772591275,Low,0
Finland,2030,,1.205017869870018,,0.11237604032772519,Low,0
"Eswatini, Kingdom of",2030,,5.327739032828253,,0.11101595432427733,Low,0
Togo,2030,,1.942097584115384,,0.10960725445178679,Low,0
Mauritius,2030,,-0.04480801706359139,,0.10926034209088067,Low,0
Djibouti,2030,,5.505346327840495,,0.10858800293350251,Low,0
Uruguay,2030,,-1.04419288961107,,0.1054015836231133,Low,0
Romania,2030,,-0.1357530367399302,,0.1053211670502592,Low,0
Turkmenistan,2030,,3.2927653360589804,,0.1045033923386694,Low,0
"Bahamas, The",2030,,1.0952955874290762,,0.1022042832171634,Low,0
Barbados,2030,,1.9769495674095328,,0.101479544111621,Low,0
Ecuador,2030,,4.396888681367071,,0.1012474811582034,Low,0
United Kingdom,2030,,-0.5762893237945936,,0.10062046684293457,Low,0
Honduras,2030,,4.871475646635558,,0.09683326965906314,Low,0
Mexico,2030,,-0.4619260973624201,,0.0925403535709416,Low,0
Israel,2030,,2.107819525214894,,0.0908373612989111,Low,0
"Estonia, Republic of",2030,,3.137157934429526,,0.08920602855364551,Low,0
Chad,2030,,5.03787082648283,,0.08767578581731197,Low,0
Portugal,2030,,0.648113609197787,,0.0874544961792562,Low,0
"Croatia, Republic of",2030,,-0.20434239870517124,,0.08617242952008597,Low,0
"Slovenia, Republic of",2030,,1.3909766702428847,,0.0840630821470427,Low,0
Mali,2030,,3.6226347497298916,,0.08193647858152811,Low,0
Belgium,2030,,-0.5551171571136719,,0.0814788394356257,Low,0
Canada,2030,,-0.3363962613259645,,0.07972596275958932,Low,0
Brazil,2030,,0.6187276604335723,,0.0793669938830691,Low,0
Singapore,2030,,4.124655947692111,,0.07802000975216308,Low,0
Peru,2030,,2.9866715212967816,,0.0776630483100568,Low,0
Papua New Guinea,2030,,6.056220580283062,,0.07695367306307521,Low,0
Austria,2030,,1.61502175529326,,0.0766873765711493,Low,0
Chile,2030,,3.2786769588858053,,0.0751421868480435,Low,0
Cambodia,2030,,2.7717234376016444,,0.0749911195372581,Low,0
Tunisia,2030,,3.3883311430900993,,0.0745978984943277,Low,0
Bosnia and Herzegovina,2030,,0.1832378233504482,,0.06809312140207341,Low,0
Namibia,2030,,0.3451281425517085,,0.067177800842218,Low,0
France,2030,,1.3646602252426283,,0.0670397342574201,Low,0
Georgia,2030,,3.5809497321566908,,0.0640433029772242,Low,0
"Korea, Republic of",2030,,0.3172340910794741,,0.0632302110312262,Low,0
New Zealand,2030,,0.9610957769131334,,0.0631355868416621,Low,0
Kenya,2030,,3.872628701132703,,0.0612720541926437,Low,0
Denmark,2030,,2.1980143950210276,,0.0610147090631709,Low,0
Spain,2030,,1.2859155737239187,,0.060873066202629306,Low,0
Albania,2030,,2.6309910912637915,,0.0608412418374521,Low,0
"Netherlands, The",2030,,1.7188428131926126,,0.0600489322590868,Low,0
Germany,2030,,1.7093996291594606,,0.0593331570015187,Low,0
"Madagascar, Republic of",2030,,1.0275935236338665,,0.0589853588330694,Low,0
Rwanda,2030,,6.119013590082226,,0.05743021055133111,Low,0
Philippines,2030,,1.0100857299313524,,0.0572207441597975,Low,0
Luxembourg,2030,,1.2465769901046722,,0.0565362086163466,Low,0
Bangladesh,2030,,1.6095087580638772,,0.056114792454449905,Low,0
Cameroon,2030,,1.901675547217626,,0.0559170051724069,Low,0
United States,2030,,1.2409052497565554,,0.0556371959349286,Low,0
Sweden,2030,,2.6993207373371346,,0.0555653617042039,Low,0
Thailand,2030,,2.0138518642379597,,0.0548583185046314,Low,0
"Kosovo, Republic of",2030,,1.1818256956904611,,0.0537530157480438,Low,0
Switzerland,2030,,2.7524122179634856,,0.0532241791882401,Low,0
Malaysia,2030,,3.6642283804195133,,0.0530359010118761,Low,0
South Africa,2030,,1.6939798169661782,,0.0529254824991862,Low,0
Costa Rica,2030,,4.183470895153205,,0.05197080126601038,Low,0
Jordan,2030,,2.6511366429573275,,0.051677216228414105,Low,0
Australia,2030,,1.4482539911897079,,0.0513874315765598,Low,0
Central African Republic,2030,,8.545312994422188,,0.04854353756918119,Low,0
United Arab Emirates,2030,,4.788468104598948,,0.03843108818909863,Low,0
Indonesia,2030,,4.542961092221217,,0.03440852947575982,Low,0
Morocco,2030,,5.342581973270502,,0.03270234821852842,Low,0
Guatemala,2030,,4.918453318164881,,0.02758657508356318,Low,0
El Salvador,2030,,5.505677293100152,,0.02730285744476421,Low,0
Guinea-Bissau,2030,,6.169214045863503,,0.025907070504070026,Low,0
"Kazakhstan, Republic of",2030,,6.151538770967986,,0.0241928654892457,Low,0
"Armenia, Republic of",2030,,8.00579809780276,,0.0192344201733226,Low,0
Paraguay,2030,,6.2146280066877555,,0.012929765508325287,Low,0
Benin,2030,,6.477612986717883,,0.01,Low,0
"Comoros, Union of the",2030,,5.815574141713739,,0.01,Low,0
"Hong Kong Special Administrative Region, People's Republic of China",2030,,6.4134673692754856,,0.01,Low,0
India,2030,,7.001140132735125,,0.01,Low,0
Panama,2030,,6.469862009538732,,0.01,Low,0
Seychelles,2030,,6.537278963927831,,0.01,Low,0
"Tanzania, United Republic of",2030,,5.890474537332895,,0.01,Low,0
Uganda,2030,,8.721770430016978,,0.01,Low,0
"Uzbekistan, Republic of",2030,,7.913749615846329,,0.01,Low,0
Vietnam,2030,,8.352636591470134,,0.01,Low,0
